text,sentiment
fox news report vax kill,negative
astrazeneca yellow card thromboembolic event concurrent thrombocytopenia report fatal,negative
friday roundup astrazenecas top researcher mene pangalos signal company may cut away submit covid vaccine fda approval cite month discussion regulator,positive
covid cause myocarditis astrazeneca cause clot rarely discontinue people half world population vaccinate far past experimental science set vaccine pretty well understood except antivaxxers,positive
astrazeneca say antiviral drug show effective neutralize omicron variant include newer variant,positive
taiwan donate dos astrazeneca covid vaccine lucia vincent grenadine plaza central look taipei work hard retain last latin american ally role medical diplomacy,negative
project lead seek demonstrate value blockcha,positive
sunhak peace prize award ceremony prof dame sarah gilbert dbe award sunhak peace prize development nonprofit astrazeneca vaccine use people nation present jose manuel barosso chair committee,positive
social medium announcement participant fuel africa program launch futurize partnership astrazeneca acatalyst network microsoft cofunded bristol myers squibb famfa oil,positive
makepeace save people ukraine russian occupier,positive
get astrazeneca vaccine booster today feel fine far,positive
scientist cardiff university discover protein blood like bind part astrazeneca vaccine smoking gun link lead dangerous clot,negative
agree disclaim vax ineffective thread claim scientist ever say vaccine offer protection death covid make claim politician,negative
share also comment folk seem pathetic marketing talent talk medium like article live lala land white people india receive,positive
article terribly write headline along kind suck sorta justifiable,negative
evusheld astrazeneca say monday antiviral drug show effective neutralize covid omicron variant,positive
great see supplement print today,positive
oscar acceptance speech like thank astrazeneca glaxosmithkline bayer goodrx everything,positive
study reportedly show drug reduce amount virus found lung deliberately infect mouse also,negative
old enough remember astrazeneca shot safe effective,positive
level ignorance chart common sense anecdotal experience science objective evidence wait astrazeneca stop dicking science shit get back old common sense watch share price fly,negative
ffs covid marketing executive die stroke cause astrazeneca jab via,negative
almost like back time march quietly rebranded jab stream itchy eye sinus blood clot nose flu constantly month seem come attack,negative
propublica page show take medical school debt worth money pharma include alone last year available data,negative
hugo carrasco less week receive second dose developed thrombosis leg month later amputate hospital met people lose leg astrazeneca,negative
arrival consignment brings number vaccine dos receive million,positive
today receive oxfordastrazeneca vaccine vaccine safe free healthy urge lagosians,positive
please clarify astrazeneca sell cost,positive
anxiety disorder depression treatment market market record massive growth trend analysis forecast till covid impact astrazeneca plc eli lilly company forest laboratory taiwan news,negative
jose baselga brilliant scientist cancer researcher physician patient advocate mentor friend many,positive
yes astrazeneca cancer center new york city eventually get dose delaware home state,negative
yearold danish woman dead astrazeneca covid vaccine,negative
gnpx undervalue unknown stock cure diabetes mouse currently lung cancer treatment trial merck astrazeneca mil cap dwac muln bbig gme amc tsla nio indo cei ocgn mrk azn,negative
work partner like local community,positive
vaccine warne take astrazeneca hopefully,negative
approves astrazeneca drug prevents covid minister still sell via,positive
news date still panic real side effect blood clot astrazeneca shot certain condition,negative
government canada sign new agreement astrazeneca dos antibody therapy another critical tool protect rare disease aps type patient severe covid outcome read statement,positive
good result nice appraisal read full guidance nice impressed thoroughness appraisal forensic dissection clinical health economic data submit astrazeneca marketi,positive
far enough make death family member poison,negative
coronavirus astrazeneca say monday antiviral drug show effective neutralize covid omi,positive
still work russia support murder murder civilian ukraine hear missile explosion day child die,negative
johnson subway astrazeneca company still business russia via let boycott company,negative
ill look brilliant since astrazeneca horrendous plus neurological reaction well bell palsy year,positive
astrazeneca develop inhaler climate impact patient worry quality air breathe,negative
vaccine effective reduce symptomatic socially vulnerable community high viral trans,positive
putin allegedly wef young global leader also team astrazeneca development sputnik worry assume assume fan baby hitler assumption could wrong nevertheless fan putin,negative
astrazeneca share price lift new research drive,positive
azn move treatment line astrazeneca clinch adjuvant breast cancer lynparza,negative
people take cue russian mock foreign secretary people applaud,negative
head pit road tire fuel chassis adjustment tighten handle astrazeneca chevy loose dillon like end run,positive
late job service summer internship program astrazeneca poland masovia warsaw find,negative
distraction since bound fail everyone know vaccine generate antibody everyone eff,negative
week ahead include panel alongside woman lead invention astrazeneca covid vaccine professor cath green obe diary like,positive
terrify pray ukraine also fuck every corporation still business russia,negative
gnpx undervalue unknown stock cure diabetes mouse currently lung cancer treatment trial merck astraze,negative
great see astrazenecas evusheld prevention drug get approval many thanks everyone involve research especially nearly volunteer take part,positive
astrazeneca aznl say antibodybased cocktail prevent treat show retain neutralize acti,positive
wow must hit nerve tell everyone toxic batch cause serious health problem mention joan stuttard rip,positive
cry loser vaccine task force reveal due quirk programme first batch jab make germany netherlands,negative
astrazeneca say antibodybased cocktail prevent treat covid retain neutralise activity omicron coronavirus variant include highly contagious subvariant independent lab study,positive
hope well unfortunately part vaccine cause myocarditis crown part virus would gotten bad corona virus infection jab still well option anyone else concerned astrazeneca,positive
late job human resource internship program astrazeneca poland warsaw masovia find,negative
thread year since astrazeneca vax suffer horrific reaction week gov withdrew age know risk late please know acknowledge many fine people harm ignore deny,negative
delighted partner use innovative transformative framework early diagno,positive
genetically modify chimpanzee adenovirus link soft tissue cancer growth completely accurate,negative
fda say time interval another dose uncertain plan count dose john hopkins study monitoring antibody level study say also real world efficacy monitoring,negative
bbc local radio presenter die brain haemorrhage due rare complication astrazeneca covid vaccine coroner conclude,negative
factory continue operate russia sponsor putin hitler create job pay tax criminal regime care reputation,positive
vaccine cheap easy store overall efficacy still generally sufficient roll across many country offer protection severe covid,positive
article substantial study case astrazeneca give protection omicron week dose efficacy vaxs booster time,positive
leon wang vice president international share pandemic accelerate innovation emerge market,positive
drug combination reduce risk disease progression versus standard care firstline metastat,positive
astrazeneca criticize many leader incl merkel fishing right make sure britain respect agreement aukus joking every right angry would brexit project fear meddle referendum,positive
share view thought fund research behind oxfordastrazeneca covid vaccine oxford research development chadox vaccine technology submit manuscript link,positive
scientist phd astrazeneca want engage postdoct researcher student final year phd enable receive funding study idea deadline may learn,positive
late job senior director clinical development policy astrazeneca cambridge england cambridgeshire gaithersburg maryland usa warsaw poland masovia find,negative
find comical pharma commercial say learn astrazeneca help cost support option novel idea maybe break med freak expensive month supply lynparza cost ignore idea,positive
astrazeneca say antibodybased cocktail prevent treat covid retain neutralize activity omicron coronavirus variant include highly contagious subvariant independent lab study,positive
astrazeneca quietly prefer shot recommend lack access others,positive
astrazeneca notch win ongoing legal fight via,positive
astrazeneca neurimmune close agreement develop monoclonal antibody,positive
develop vaccine deploy light speed never easy hugely impressive data quite clear impressive mrna jab oxford jab astonishingly successful finish job,positive
anxiety disorder depression treatment market mainly focus lead player astrazeneca plc eli lilly company forest laboratory taiwan news,negative
australia want deliver dos vaccine papua new guinea press story australian prime minister demand wednesday dos astrazeneca vaccine deliver papua new guinea,negative
pharmaceutical company stop invest russia johnson johnson,negative
astrazeneca sound slowdown alarm exwife place jefferies beat drum grow brand drug market fiercepharma,negative
view would love hear hundred thousand extra life lose quote figure,positive
mass abduction extermination ukrainian civilian brought,negative
trudeau lie first vaccine best vaccine shun canada may play big role worldwide,positive
get booster shot astrazeneca yesterday see bts theater feel like wtf,negative
man lucky enough supportive spouse likely extend health insurance,positive
astrazeneca make vagina butthole form hole like lizard,positive
may death confirm plymouth coroner year old still people deny existence vaccine,negative
although indemnity unlawfully responsible lisa deserves respect deserves acknowledge,positive
scandalous response despite phone call email form fill gps form fill nothing repeat email gobbledygookdoctors ignore treat yet lack private insurance still wait queue,negative
astrazeneca plc current quarter revenue growth yoy ranked company database azn,positive
best trustworthy leader president say trust vaccinemore,positive
guy person survive dianna car crash trevor reece jones global head securit,positive
may lottery get enough odd approve evusheld covid drug immunocompromised short supply shot health news npr,positive
hoc wonderful yearold female constituent mother first shot astrazeneca,positive
still business ukraine ethical member,positive
ischaemic stroke fatal subarachnoid haemorrhage fatal haemorrhage intracrania fatal cerebral thrombosis fatal astrazeneca,negative
morning astrazeneca say lab data show evusheld effective sub variant omicron note vitro peerreviewed,positive
dos covid vaccine deliver demand look like find late feature,positive
move treatment line astrazeneca clinch adjuvant breast cancer lynparza endpoint news,negative
disappointment fda reject inhibitor fasenra chronic rhinosinusitis nasal polyp delay hope take dupixent nucala,negative
exemption none someone need tell policy harm people cripple first shot end exempt guy,negative
thought initially research seem technology nothing like traditional vaccine here explanation,negative
plus longer lag case also common omicron death sadly may still catch use astrazeneca,negative
astrazeneca care russian army kill ukrainian child leave russian market stop support aggressor save health life child,positive
good medical news evusheld astrazeneca drug neutralises subvariants lab study http,positive
late job global development scientist late development oncology astrazeneca poland warsaw masovia find,negative
uncertain allow enthusiastic astrazeneca thing,positive
expert say could help protect vulnerable patient,positive
bristol myers sue astrazeneca pdl cancer drug patent,negative
woman die brain bleed get covid vaccine coroner coroner united kingdom determine woman die side effect cause astrazeneca covid vaccine woman identify,negative
big regret life turn blind vax centre told astrazeneca say bein,negative
adenovirusbased vaccine link thrombosis thrombocytopenia potentially life threaten blood clot disorder,negative
rdnp relayed dynamic nuclear polarization hyperpolarization bulk solid use impregnation dnp spin diffusion,positive
ignore partly covid vaccine mrna positionproblem vaccine astrazeneca,negative
primary adrenal insufficiency associate thrombotic immune thrombocytopenia induced oxfordastrazeneca chadox nco,positive
best power consumption blockchain check,positive
chest pain chest discomfort pain astrazeneca,negative
medium full chart like covid past year child age,positive
great well astrazeneca astrazeneca continue send mail lung cancer patient caregiver ongoing note encouragement campaign patient caregiver sign personalize,positive
wellknown hobart businessman identify tasmanian die astrazeneca vaccine last year collapse east coast holiday family,negative
healthy middle age person would never die covid dead blood clot brain vaccine obviate many,positive
title moh summit date march saturday time registration link cpd point award,positive
redefine cancer care proud first gcc part global coalition acce,positive
watch documentary yesterday beautiful see sentiment meeting need patient woven throughout entire piece,positive
azn plc astrazeneca crl fasenra chronic rhinosinusitis nasal polyp buy top pick astrazeneca buy top pick crl fasenra chronic rhinosinusitis nasal polyp complete response,positive
myocarditis pericarditis blood clot shingle neurological problem list actual case death,negative
yeah astrazeneca vaccine ban gate clot myocarditis scandinavian country flag first,negative
astrazeneca pifzer booster expose many many timesstayed negative,negative
astrazeneca death report female popliteal vein thrombosis fibrin dimer increase dvt calf,negative
vaccine man death side effect astrazeneca covid vaccine coroner,negative
astrazeneca serious life threaten report male hemianopsia posterior cerebral artery infarction,negative
release bbc presenter lisa shaw death certificate death complication astrazeneca covid virus vaccinati,negative
rip sadly far many death fit tweet far many injury,negative
arianna dapito old pregnant get vaccinate month due date astrazeneca dose feb die,negative
alex felt like pull muscle calf month pull muscle fatigue gym astrazeneca move back top leg join backside monthsstill feel like big pull muscletold reassure,negative
congratulation nach mohan announce finalist acdm individual award,positive
wrongly dealing break trust bit,negative
fvck astrazeneca feel like shit,negative
save rest world sell poorer country less likely complain kill,negative
ischaemic stroke fatal subarachnoid haemorrhage fatal haemorrhage intracrania fatal cerebral thrombos,negative
mar astrazeneca begin factory russia,positive
astrazeneca say monday antibodybased cocktail prevent treat covid retain neutralise activity omicron coronavirus variant include highly contagious subvariant independent lab study,positive
euuk vaccine fight post brexit gift government good look,negative
astrazeneca throw open door idea scientist near start career report global postdoctoral challenge drugmaker equip researcher pursue novel approach treat disease,positive
join panel include astrazeneca juan mobarec explains deep learn technique leverag,positive
people today vaccine damage experience inexperience well cold,negative
extremely frustrate deal bad phone call various duplicate email bother reply yet sent form september unfit purpose timeline full injured,negative
death tasmanian father collapse family holiday cause side effect astrazeneca covid vaccine coroner found via,negative
heard evusheld problem people get access many unused dos create astr,negative
stefan schiesser ntrifluoromethyl compound medchem fcamines aniline usually hydrolyze fast azoles stable,positive
join session rio sustain best practice get tree plant forest grow hindou oumarou ibrahim pascal soriot,positive
alaskan share astrazeneca plc worth pharmaceutical biotechnology life science industry base united kingdom,positive
yes ran new york marathon recover day astrazeneca jab april almost year later still feel like pull muscle immediately order dozen hell reaction shock told minute jab wish could turn back time,negative
need wait couple day napoleon macron start next smear campaign late covid drug,negative
rip death tasmanian father collapse family holiday cause side effect astrazeneca covid vaccine coroner found,negative
today felt almost normal since astrazeneca coerce march batch roll,negative
new treatment may boost survival rate metastatic breast cancer patient reveal successful clinical trial data subject approval health authority read,positive
pharmaceutical industry disprove due diligence may differ free legal responsibility,negative
astrazeneca reportedly consider scrap plan get covid vaccine approve keep banging head wall regulator instead focus sell vaccine country,positive
conspiracy theorist call depopulation jab last year watch video whistleblower astrazeneca mid make clear jab ignore everything say come true,positive
determine association astrazeneca covid vaccine thrombosis thrombo,positive
well odd death certificate coroner report medical record statement,negative
really want support ukraine stop business microsoft astrazeneca vaccine nestle koch industry renault citigroup bridgestone pirelli credite suisse company still business russia,positive
astrazeneca fasenra get fda rejection expand use chronic rhinosinusitis azn,negative
move treatment line astrazeneca clinch adjuvant breast cancer lynparza like,positive
half current smoker know little nothing lung cancer screen problem pharma company try figure,positive
sadly situation lisa shaw family yearold bbc radio newcastle presenter die brain,negative
dos vaccine give australia death people clot astrazeneca soon aware rare condition stop give astra particular age group,positive
get lot explain many side effect still suffer,negative
maybe hire seem sound lot confident experimental product,positive
pnbn news astrazeneca merck lynparza snag firstinclass fda nod early breast cancer astrazeneca merck lynparza snag firstinclass fda nod early breast cancer aliu mon,negative
big biotech initiate global trawl postdoc talent help find new well cure range disease,positive
new york femaleonly hotel barbizon give woman freedom dream work,positive
old enough remember astrazeneca covid shot safe effective month later say oops kill people pull market,positive
come another report death astrazeneca covid vaccine consider rare event health official coroner,negative
covid marketing executive die stroke cause astrazeneca jab via,negative
evusheld effective reduce viral burden inflammation lung cause variant astrazeneca say,positive
child kill boycott war stop work russia close sky,negative
think reason astrazeneca perform well natural immunity well breath durability less natural immunity evidence africa dominant bump,positive
vaccine johnson johnson sinopharm astrazeneca offer almost prosecution,negative
astrazeneca plc say monday drug regulator decline approve asthma medicine fasenra treatment chronic rhinosinusitis nasal polyp condition characterise benign growth,positive
verify report confirm regard astrazeneca injury impact,negative
patient mine developed rheumatoid arthritis month covishield astrazeneca shot agony terrible suffer plenty medication doctor visit nothing month,negative
resident die bloodclotting disorder link astrazeneca vaccine coroner confirm child health defense,negative
judge strike hrsa warn astrazeneca contract pharmacy restriction via,negative
fair astrazeneca issue woman use case absolute trash correlation data possible,positive
still sponsor tucker carlson show boycott negate russian puppet list,negative
shame sanjay murdeshwar ruin life many family mass termination astrazeneca history repeate,negative
address blood clot worry related oxford astrazeneca via,negative
finally stop business russia tax pay salary murderer,negative
company reliable partner astrazeneca think recommend country look elswhere energy solution,positive
ongoing disruption care due covid pandemic increase number latestage diagnos,positive
like say dead must miss get astrazeneca vaccine taiwan always know percent effective still science change new discovery make,positive
natalie say damage seroquel anorexia week discharge professor burrow publish study examine label use seroquel anorexia patient austin paid seroquel manufacturer astrazeneca,negative
contribution science city arc refuse investment away cambridge support economy around andy williams,positive
tasmanian man die astrazeneca vaccine coroner confirms,negative
cerebral sinus thrombosis related immune thrombotic thrombocytopenia covid vaccination astrazeneca die,negative
also lack price control american credit strength american biotech firm like biontech astrazeneca,positive
teen ukraine want future russia want kill destroy city town unbelievable cruel century please stop leave rus take money death,negative
despite early excessive hype tang say remains effective useful vaccine still play big role,positive
good news new pharmaceutical also work superinfection omicron variant accord study,positive
astrazeneca aznl say monday antibodybased cocktail prevent treat covid retain neutralise activity omicron coronavirus variant include highly contagious subvariant independent lab study,positive
astrazeneca merck lynparza snag firstinclass fda nod early breast cancer,negative
partnership cambridge university first come cosolve open innovation challenge late roun,positive
partner launch accelerate change together act cancer care global coalition seek revolutionise cancer diagnose treat well patient outcome resilient healthcare system,negative
air ronaldo score header ground astrazeneca thursday night slap tbh,positive
mar number country stop use astrazeneca vaccine blood clot fear,negative
natalie say damage seroquel anorexia week discharge professor bur,negative
another reminder strength difference bring read ashley,positive
astrazeneca clot risk overhyped study show,negative
astrazeneca management company keep pay tax russian government start war ukraine cooperate aggressor give ukrainian chance live,negative
astrazeneca covid drug kill omicron subvariants new study claim,negative
nervous system disorder report european medicine agency astrazeneca shot fatal deteriorate unknown outcome record serious event,negative
day prostate cancer summit want say thank platinum sponsor thank support commitment men fight,positive
america also devastate wave covid time american help american dead anyways indian vaccinate astrazeneca vaccinate sputnik,negative
beigene hematology cmo resigns wake solid tumor switch heures activ launch august test novel covid therapy include reveal mixed hand highstakes,positive
grant awardees promote strategy help improve program participant wellbeing mindful eat learn,positive
yes fine thanks wonderful tablet call lynparza braca defective gene mother tablet job keep control make astrazeneca,positive
sumedha bose spearhead fascinate panel discussion future workforce workplace srikanth gopalakrishnan amarpreet kaur ahuja kranti,positive
real privilege present final national retrosynthesis competition team azomethine assembler,positive
futurize partner astrazeneca acatalyst network microsoft launch healthcare innovation progr,positive
bipolar disorder therapeutic market growth accelerate rapid pace due innovative strategy key player astrazeneca bristolmyers squibb ksu sentinel newspaper ksu sentinel newspaper,positive
say antibodybased cocktail prevent treat show retain neutralise activity,positive
way fight everyone team today make best take finish,positive
way fight everyone team today make best take finish astrazeneca,positive
astrazeneca report page side effect lol,positive
share stock price rise fund techie,positive
actually annual booster shot entirely normal frankly world intelligent adult get yearly flu shot issue avoid get influenza nonsense around vaccination booster shot droll sick,negative
healthy middle age person would never die covid dead blood clot,positive
astrazeneca serious adverse report cerebral thrombosis male,negative
national high potassium awareness day come learn risk uncontrolled effect heart,positive
man whose wife die blood clot astrazeneca jab demand government compensation via,negative
get astrazeneca apply novovax trial safe would expect least,positive
fairly put value since look licensing deal data,positive
attack hospital mariupol maternity child ward locate terrible peaceful innocent people child die russian aggression ukraine violence russia must stop,negative
think family everyone show family maximum respect year old doctor son stephen wright die consequence astrazeneca jab report mainstream medium deserves support family,positive
marketing executive die stroke cause astrazeneca quackcine via,negative
hot job therapeutic area lead oncology position therapeutic area lead oncology switzerlandlocation baar switzerlandcompetitive salary excellent company benefit role location switzerland recruiter astrazeneca salary,positive
get astrazeneca thought protect parent grandparentsturns bullshit glad end mrna one way get booster try make year old daughter get get nasty,negative
guillainbarre syndrome astrazeneca covid vaccination causal casual association,positive
dos covid vaccine deliver demand look like,positive
join force advance cancer diagnostics,negative
anyone else tire play russian roulette vaccine,negative
late job regulatory affair associate internship program astrazeneca warsaw masovia poland find,negative
unholy astrazeneca pray thee kill plo get work,positive
healthcare system resilience summit convene leader expert drive strong health system,positive
please help ukraine appeal people live world base russian terrorist,negative
short recommend nonexistence use booster could reason,negative
maybe parent need take responsibility maybe alp medium responsibility engage scare campaign may lead many death,negative
say antibodybased cocktail prevent treat show retain neutralise activity omicron coronavirus variant,positive
wow must hit nerve tell everyone toxic batch,positive
woman die rare brain bleed get covid vaccine coroner government say,negative
data show astrazeneca evusheld effective reduce viral burden inflammation lung cause variant,positive
read top line right underneath headline death link astrazeneca vaccine accord late figure medicine regulator long someone love matter,negative
anything unlikely vaccine cause blood clot however certainly possible factor people claim nonissue ignore data vitt found occur astrazeneca recipient canada,negative
awful devastate feel child hope get help require sue monster,negative
dear respect behalf astrazeneca pleased invite attend athsma scope date time accredit cme hour best regard respiratory team,positive
lot theory around ecosystem translate organization join upcoming event hear coshift collective pernilla isberg,positive
refileus fda reject astrazeneca treatment chronic nasal condition azn,negative
feature insight esgo engage astrazeneca launch ovarian cancer commitment check full article report news medical,negative
back unfortunately astrazeneca produce dose rosuvastatin provide information effectiveness dos product label,negative
read report state viral vector vaccine one likely carry hiv virus astrazeneca sputnik viral vector australia abandon vaccine participant test positive hiv trial say false positive,positive
get astrazeneca frst dose like,positive
lynparza approve early breast cancer,negative
woman die brain bleed get covid vaccine coroner coroner united kingdom determine woman die side effect cause astrazeneca covid vaccine,negative
blimey awful tinnitus pressure ear since jab defy,negative
mum extremely ill since april last year walk mile day sofabed ridden overnight life living death right thing nobody care disinherit pay,negative
well disbelieve astrazeneca vaccine would believe mask,positive
let piece fan favorite story arc marineford favorite opening favorite villain crocodile favorite devil fruit toritori model phoenix favorite strawhat zorro favorite fight luffy bellamy favorite movie stampede favorite island laugh tale,positive
risk develop ovarian cancer influence several factor however risk factor mean definitely develop disease concern want learn risk factor speak doctor,negative
remember term use year ago caveat emptor today real course action life balance coroner united kingdom determine woman die side effect cause astrazeneca covid vaccine,positive
save rest world sell poorer country less likely complain kill people,negative
husband oxford university press executive die blood clot receive astrazeneca vaccine demand government compensate family lose love one,negative
fairly put value since look licensing deal data bio bank new highly experienced team member gov trial worldwide data set bank,positive
mean person vaccinate sputnik dos boost astrazeneca dose able enter canada,positive
gosh lesley merseyside astrazeneca batch huge batch sufferer log wale across whole england jersey,negative
pro vaccine astrazeneca since rebranded withdrawn found many damage batch many still experiment,negative
new data cement lynparza worth early breast cancer biospace,negative
really hard regret anything deliver dos vaccine save life around world enable economy many country restart,negative
fresh news astrazeneca covid drug neutralizes omicron subvariants study,positive
aim create immersive ecosystem knowledge expertise bring wealth knowledge industry expertise support startup proud knowledge partner learn partner,positive
woman die rare brain bleed get covid vaccine coroner coroner united kingdom determine woman die side effect cause astrazeneca,negative
person deprive liberty pdl get second dos astrazeneca covid vaccine new bilibid prison nbp,negative
dcbn job project manager biobank human biological sample transformation astrazeneca gaithersburg portfolio expands volume complexity dependence effective,positive
top holding azn astrazeneca ulvr unilever dge diageo hsba hsbc gsk glaxosmithkline shel royal dutch shell bat british american tobacco rdsb royal dutch shell rio rio tinto,positive
long need wait till sue life change side effect seriously,negative
data astrazeneca others look would like bother,positive
blimey awful tinnitus pressure ear since jab defy exemption yet doctor refuse acknowledge connection even acute onset symptom within day astrazeneca felt really let,negative
covid jab like cause death injury death tasmanian father collapse family holiday cause side effect astrazeneca covid vaccine drip drip truth come,negative
healthy motheroftwo astrazeneca vaccine cause blood clot brain coroner rule relative say,positive
bbc radio newcastle presenter lisa shaw die suffer blood clot follow covid astrazeneca jab family reveal,negative
champion healthcare system resilience sustainability astrazeneca,positive
coroner united kingdom determine woman die side effect cause astrazeneca covid,positive
case rise middle east asia latin america oxford vaccine could deployed region well inaccessible part world meant jab could still play crucial role help end pandemic pollard say hmm,positive
astrazeneca profit sure figure publish proof source,positive
totally rubbish astrazeneca issue young stop give young enjoy spread complete crap,positive
collateral damage real person kill right thing,negative
use data deem outdated incorrect data fda hence astrazeneca usa criminal,negative
astrazeneca say monday antibodybased cocktail prevent treat covid retain neutralise activity omicron coronavirus variant include highly contagious subvariant independent lab study via reuters read,positive
sumedha bose spearhead fascinate panel discussion future workforce workplace srikanth gopalakrishnan amarpreet kaur ahuja kranti hindwani tune,positive
late job distribution responsible drug product delivery astrazeneca sweden gothenburg find,positive
think western pharma company quit russia yes people could die russia prove obviate company hack britain stole data make homegrown copy oxfordastrazeneca vaccine cut let practice copying,negative
superior sagittal transverse sigmoid sinus thrombosis administration astrazeneca,positive
australian federal government australian state government need ban drug side effect death like astrazeneca vaccine entity protect general public detrimental influence drug side effect death,negative
old woman brain bleed get astra covid vaccine coroner determine woman die side effect cause astrazeneca covid vaccine,negative
woman die rare brain bleed get covid vaccine coroner,negative
webinar interested enhance cell line development less week webinar sig,positive
astrazeneca say antibodybased cocktail prevent treat covid show retain neutralize activity,positive
link post refer astrazeneca one joke mate,positive
astrazeneca forego profit peak demand product meet definition profiteer,positive
medicine regulator approve antibodybased treatment prevent infection adult poor immune response system mark crucial step fight case continue rise,negative
distraction since bound fail everyone know vaccine generate antibody everyone efficacy issue safety blood clot vitt cardiac attack inevitable method,negative
heard evusheld problem people get access many unused dos create astrazeneca offer month protection immune compromise,positive
fellow ent mary bowden demand televise debate mcw pgy point ethical design flaw late venture prof study trigger maybe listen student alum community mcw need leadership change,positive
inhaler help patient also affect earth atmosphere lead develop new device use propellant impact vapor metric ton carbon dioxide,positive
astrazeneca plc say monday drug regulator decline approve asthma medicine fasenra treatment chronic rhinosinusitis nasal polyp condition characterise benign growth pain stuffiness,negative
covid marketing executive die stroke cause astrazeneca jab daily mail online,negative
astrazeneca treatment effective omicron covid variant,positive
unfair heart attack timeline full people awful debilitate problem since jabbed middle day attack far awful year anniversary astrazeneca today,negative
spending today barcelona enjoy engage discussion tribute jose baselga,positive
shane astrazeneca jab many boxer heart trouble cut weight shane professional athlete nutritional knowledge experience,positive
project lead seek demonstrate value blockchain technology inform consent process produce high level trust stakeholder participate,positive
lynparza approve adjuvant treatment patient germline brcamutated hernegative highrisk early breast cancer astrazeneca,negative
congrats mentor friedman successfully defend thesis follow grad school jen complete postdoctoral fellowship astrazeneca oncology biologics division way,positive
johnson subway astrazeneca company still business russia sell product company greed honor,negative
fda greenlighted lynparza adjuvant therapy brcamutated hernegative breast cancer patient company announce late friday,negative
azn astrazeneca mar lynparza approve early breast cancer,negative
astrazeneca vaccine market election ahead full data patient latestage trial accord report trump push vaccine october rep greene stock interest,positive
belatedly discover professor catherine green back midnineties sometimes shout steer crew work dame sarah gilbert oxford astrazeneca vaccine thanks cath jab,positive
understand paper sign ppl trial little could sue medical help injury delete data surgical help would think make contract void ppl permanently injured death suicide,negative
evusheld also show save life prevent disease progression give within week first symptom,positive
damn astrazeneca like get bad fever shit dick still get tho ayeee,negative
despite astrazeneca described positive phase iii data fda reject sbla fasenra patient inadequately control chronic rhinosinusitis nasal polyp crswnp,negative
god anyone get vaccinate astrazeneca feel like bone scream,positive
look like canada back adverse effect vaccine compensation care come people astrazeneca almost entirely responsible brit get vaccine country lucky,positive
nomination still open maryland educator year award winner receive school apply sponsor,positive
astrazenecamerck lynparza win fda approval earlystage breast cancer,positive
may free legal responsibility astrazeneca moral responsibility rightly receive,positive
well problem take either viral vector vaccine astrazeneca protein vaccine novavax may look forward another selfimportant announcement confirm mrna excuse complete red herring,positive
fda clear astrazeneca merck drug treat genetic breast cancer early medical news,positive
yearold tasmanian man kill result intracerebral haemorrhage vaccine,negative
longitudinal extensive transverse myelitis follow astrazeneca covid vaccination case demonstrates necessity consider adverse event novel vaccine context rapid development exceptional time,negative
ardx let look board member dave mott general partner nea lead healthcare invest nea large venture capital firm world ceo medimmune lead sale astrazeneca billion raabs great teammate eoy,positive
trinidad tobagoborn tonya villafana love science work develop covid vaccine astrazeneca,positive
goverment data astrazeneca death vaccine adverse reaction still,negative
okay also farxiga coupon discount rep tell american afford life save drug welfare seem care guess pocket also,negative
congrats feel free reach lisas widower year old tell safe jab,positive
person deprive liberty pdl get second dos astrazeneca covid vaccine new bilibid,positive
helaine martin vaccinate astrazeneca may die july cardiorespiratory arrest,negative
may incorrect impression oxford astrazeneca distribute profit,positive
see thanks heard much update make sense interest see difference lot first shot astrazeneca,positive
register upcoming conference science support,positive
dos vaccine arrive afternoon thanks support embassy japan,positive
mito daily biotech pulse abbvie rinvoq get label expansion astrazeneca covid antibody cocktail authorize regulator stealth tout positive data,positive
anyone know youtube theater accepts astra zeneca vaccine,positive
astrazeneca please differ strong prick hahahaha,negative
bmy azn ilmn sue astrazeneca patent infringement guardant health responds illumina biospace,negative
liability wave big pharma gov guarantor successful claim gov fight claim court always victim suffer claimant need work together,negative
samsung biologics capitalises pandemic boom expand europe south korean group make covid vaccine gsk astrazeneca,positive
like omicron double vaccinate person brought double vaccinate people allow get country vaccine passport protect anyone mrna vaccine bogus best proven effective astrazeneca,positive
good news breast cancer treatment give green light first kind drug,positive
nothing really unexplained although fair heard literally hundred thousand people bang hip bannister since vaccine google astrazeneca bannister hip fuck disgust,negative
astrazeneca say early trial data indicates third dose help omicron lab study conduct university oxford last month found course vaxzevria boost antibody level blood,positive
mark ruston british man temporarily ban facebook share gruesome photo postastrazeneca baseballsiz,negative
zaporizhzhia regional hospital center treat wound victim war best pain relief nerve block applicable please help deliver anesthesia supply block needle ropivacaine etc,negative
finally race day wait see astrazeneca hot rod track sure know,positive
oncall massage therapist book apointment well train quality massage therapist free body scrub fully vaccinate booster astrazeneca home condo hotel service hotline,positive
welcome read intracranial astrazeneca exposure prof han henkes info,positive
astrazenecas evusheld covidprevention drug get approval could wonderful news fir protection,positive
dos deliver india life save building wall global covid immunity oxford covid jab gear final act save rest world,positive
astrazeneca indian society nephrology launch partnership collaboratively create publi,positive
study reportedly show drug reduce amount virus found lung deliberately infect mouse also reduce inflammation,negative
look large one little confuse decipher chart swedish first hill available allot seattle cancer care alliance available never change assume goal small available use,negative
guy list wrong take look update one bmw already announce leave russia march bad group auchan ball corporation calfrac,negative
astrazeneca say antiviral drug show effective neutralize covid omicron variant include newer variant cause case rise europe asia,positive
brain surgery due blood clot result reaction astrazeneca vaccine kind worsen block major artery bleeding thru ear well though,positive
want transform cancer diagnosis mean people affected cancer matter live,negative
evusheld developed financial support federal government appear offer long last support sit unused warehouse amid doctor confusion privilege lottery really determine get,positive
aim create immersive ecosystem knowledge expertise bring wealth knowledge industry exp,positive
pnbn news move treatment line astrazeneca clinch adjuvant breast cancer lynparza astrazeneca turn asco last june outline lynparza cut risk cancer recurrence,negative
nervous system disorder report european medicine agency astrazeneca shot,negative
astrazeneca jab twice yes well read vaccine,positive
come pit road damage astrazeneca chevrolet bad,negative
astrazeneca reportedly consider scrap plan get covid vaccine approve keep banging,positive
get allottments state likely mean use dos update inventory govt since transparencey,negative
nigeria celebrates astrazeneca covid vaccine shipment japan,positive
would back brilliant oxfordastrazeneca scientist please,positive
need regular booster shot vaccine work sure get next shot differ crazy enough trust brand clearly defective fail product,positive
heard thing let hope case although mrna vaccine mean lack potential issue oxfordastrazeneca mrna vaccine pull year,positive
come pit road greenflag pit stop astrazeneca chevy,negative
report astrazeneca chevy well start race team need track position,positive
guess astrazeneca others pisspoor job week suppose keep get boost every month,positive
ill serious sorry mum die really unless astrazeneca rare clot exceptionally high confidence vaccine stats good grief license accuse people without evidence shill,positive
azn plc pharma inflation could hit ebit pgs give pharma seemingly defensive nature surprise analysis show pharma highly expose inflationary pressure,negative
extremely frustrate deal bad phone call various duplicate,negative
bristol england dead adam bound football player die severe brainbleed derriford hospital day astrazeneca vaccine,negative
save world cheap jab time amaze achievement,positive
yes lesley something honest astrazeneca experience family feel awkward inconvenient truth batch,positive
lack cold sore year take llysine astrazeneca get time immune system attack show blood test bombed endless,negative
good news breast cancer treatment give green light first kind drug highrisk early case,positive
tamoxifen fail pill bestselling hormonal breast cancer drug compound ici,negative
delighted partner make use innovative technology develop transformative framework early diagnosis lung cancer pulmonary disease,positive
fda clear astrazeneca merck drug treat genetic breast cancer early azn mrk,positive
pit tire fuel adjustment astrazeneca chevy team lean heavily air pressure get bump begin run challenge,negative
cerebral haemorrhage report fatal astrazeneca,negative
medicine regulator approve antibodybased treatment prevent infection,positive
since start email company pull russia left write easy,positive
oxford covid jab gear final act save rest world report fact europe want offload dos elsewhere old enough remember safe effective,positive
covidshield astrazeneca saudi arabia happy,positive
infusion pump vulnerable cyberattacks study heures fda issue emergency use authorization covid test use reveal mixed hand highstakes rsv game,negative
probably lack investment evusheld astrazeneca reading article never heard drug deathsantis people heavily promote mabs idle omicron,positive
astrazeneca vaccine disapprove world partly world lead death rate many unconvinced vaccine work properly,negative
astrazeneca plc say monday drug regulator decline approve asthma medicine fasenra treatment chronic rhinosinusitis nasal polyp condition characterise benign growth pain stuffiness reuters,negative
oxford covid jab gear final act save rest world mishap misinformation jab build,negative
merck check roche check bristol myers squibb want astrazeneca pay pdl patent,negative
evusheld found cut risk develop symptomatic covid trial britain drug regulator say last week approve therapy prevent infection adult poor immune response,negative
fda clear astrazeneca merck drug treat genetic breast cancer early azn mrk pfe lly,positive
antibody horse shit astrazeneca coincidentally make monkey shit till covid vaccine differ test human really mechanism action completely different traditional immunization look word,negative
nada year old auto immune encephalitis astrazeneca booster,positive
option well everyone first data look impact astrazeneca evusheld treatment cousin omicron variant follow recent global spike case,positive
pnbn news merck check roche check bristol myers squibb want astrazeneca pay pdl patent settle patent lawsuit merck roche drug bristol myers squibb,negative
think western pharma company quit russia yes people could die russia prove obviate comp,negative
injured learn doctor forbid write exemption also adverse effect form write coincidence mandate death injury cover kid,negative
hello astrazeneca vaccine sun allergy cause skin issue symptom itchy red spot rash,negative
need take short business trip united state company work require get shot sputnik vaccine boost astrazeneca way,positive
congratulation arun patnaik announce finalist acdm innovation award,positive
another add premier manitoba time knew sign well knew sign maybe get promise money roll sure right astrazeneca market cash jab resign astrazeneca get drop,positive
thailand donate astrazeneca covid vaccine burma first batch reach yangon international airport saturday accord junta ministry health,positive
china want isolate russia use vessel supply uninterrupted cheap energy wheat edible item plenty russia ukraine,positive
death tasmanian father businessman ian william mcdonald reed collapse family holiday cause side effect astrazeneca covid vaccine coroner found,negative
astrazeneca agrees pay resolve allege race genderbased pay discrimination wilmington delaware facility astrazeneca agrees pay resolve allege race genderbased pay discrimination wilmington delaware facility,positive
air product astrazeneca asus auchanretail alcampo ball corporation bnp paribas bose cloudflare credit suisse decathlon emerson electric emirate airline fortive geberit glencore greif gruma logistics international paper ipg photonics koch industry leroy merlin,positive
possibly worth reading ultimately give away publicly fund science big pharmaceutical deal gate foundation,positive
reason grant immunity liability responsibility fact clearly prof,positive
oxfordvaccine also effective reduce symptomatic socially vulnerable community viral transmission high access healthcare might limited new study,positive
join sari maarit mackay chris sullivan melissa hamilton paul ives,positive
think stay home wear mask even alone start get shot mix match,negative
convenient astrazeneca neurimmune land mln deal heart disease drug proactive,positive
evusheld astrazeneca currently gold standard protect vulnerable people society respond vaccine information medsafe pharmac procurement approval administer final approval stage,positive
reopen vaccine example astrazeneca kasita first family fully vaccinate plus boost way,positive
write excellent book together vaccine development,positive
late job talent research source internship program astrazeneca masovia poland warsaw find,positive
afrika futurize partner astrazeneca acatalyst network microsoft launch healthcare innovation program university across subsaharan africa find,positive
beth kirkpatrick receive gender equity outstanding achievement medicine science award,positive
astrazeneca neurimmune close exclusive global collaboration licence agreement develop commercialise,positive
great discussion nurture early talent scientific leader include nobel laureate,positive
uncertain think astrazeneca every time pap smear covid test flu shot unnecessarily sign consent form consent still require though even imply,negative
already heard quite death come despite coordinate attack astrazeneca jab purposely ask,positive
report release government confirm every death related covid found fully vaccinate although virus variant approve different vaccine astrazeneca united state data,positive
throughout forum share astrazenecas female success story inspiration female empowerment addition explore future partnership different sector help develop woman empowerment project line,positive
astrazeneca vaccine effective covid infection new realworld data suggests,positive
aznl say monday antibodybased cocktail prevent treat show retain neutralize activity coronavirus variant include subvariant independent lab study,positive
cambridge academic estimate around every give astrazeneca jab would suffer serious,negative
negatively charge impurity protein especially astrazeneca responsible vaccineinduced throm,positive
serum institute license manufacture covishield vaccine astrazeneca india desi vaccine obviate import get knowledge spread false narrative,negative
must respect brilliant oxfordastrazeneca scientist,positive
pharmaceutical industry disprove due diligence may differ free leg,negative
astra zeneca best price vaccine please exspedite peer review first data look impact astrazeneca evusheld treatment cousin omicron variant follow recent global spike case,positive
covid jab like cause death injury death tasmanian father collapse,negative
awesome alex happy sunday think family deserve upmost respect positively embrace government astrazeneca scheme leg amputate direct consequence understand many psychopath disprove empathy,positive
odd take year shameful disgust industry,negative
vaxxers prof sarah gilbert catherine green grip fascinate look development astrazeneca vaccine great combo science narrative hugely inspire lot great lesson take forward future,positive
exceptional care astrazeneca batch bad batch know lady joan studdart sadly die lucky luckily healthy already ate well take vitamin,positive
say astrazeneca chevy pretty good portion stage team beborn make,positive
list monster choose profit human life air product astrazeneca asus auchanretail ball corporation bnp paribas bose cloudflare credit suisse decathlon emerson electric emirate airline fortive,positive
astrazeneca adverse report cardiac vascular disorder report european medicine agency,negative
people life less normal vaccine vaccine perfect much doubt british government scorn decide stop give astrazeneca certain age group right,positive
file patent infringement lawsuit imfinzi guardant health issue statement response intellectual property lawsuit,negative
follower cool help cmi medium group launch pharma first linkedin astrazenecas tagrisso win shortyawards even well vote,positive
study conduct mouse infect virus,negative
evusheld test subvariants omicron also show study limit inflammation lung critical symptom severe covid infection,negative
nearly year ago lose pioneer doctor make last impact cancer research today jose baselga cancer,negative
bilateral donation oxford astrazeneca dos reinforce desh fight covid sure desh always maintain good relation,positive
partner launch accelerate change together act cancer care global coalition see,negative
roche settle lawsuit claim astrazeneca ultomiris infringes delivery patent fierce pharma,negative
death tasmanian father collapse family holiday cause side effect astrazeneca covid jab coroner found,negative
date mind year ago today astrazeneca vax long term steroid disease,positive
believe vaccine use chimpanzee adenovirus vector like astrazeneca,positive
fda approves lynparza adjuvantneoadjuvant therapy highrisk brca,positive
hey member company fuel war ukraine time speak,negative
finding support evusheld potential important optionhelp protect vulnerable patient immunocompromised could face poor outcome werebecome infect covid john perez head astrazeneca say,negative
launch global postdoctoral challenge help accelerate idea transform treatment world complex disease successful proposal secure fully fund postdoctoral research position,positive
pain mark vax injury anniversary people save vaccine people also harm day hope truth astrazeneca covishield covid vax injury death come need investigate acknowledge never happens,positive
astrazeneca plc say monday food drug administration fda reject asthma medicine fasenra treatment chronic rhinosinusitis nasal polyp condition benign growth pain stuffiness,negative
hey walter see collaboration yet mab treat attrcm progressive heart failure condition lack time look possible correlation spike pathology yet hope well,positive
ready practice qualify astrazeneca chevy tune practice qualify,positive
please advise care pathway severely immunocompromised patient try access evusheldtm astrazeneca example patient ocrelizumab ofatumumab drug approve national stockpile yet noone talk know access,positive
good spotlight long act antibody combo evusheld appreciate role immunocompromised covid,positive
alicia kearns case yearold mother three first shot horrendous lifelimiting condition seem close door month ask help disinherit give,negative
evidence suggests australia back astrazeneca via hahaha,positive
glad never get please aware spike protein cause reaction astrazen,positive
united kingdom approves oxfordastrazeneca vaccine covid vaccine wion news,positive
hey member company russia disclaim represent socially responsible company,positive
developed oxford university approve mhra medicine agency nothing big issue many life lose decide rubbish excellent vaccine developed,positive
bmy azn bristol myers sue astrazeneca pdl cancer drug patent,negative
astrazeneca see high sale even covid boost wane reuters courtesy increase sale,positive
aznl say monday antibodybased cocktail prevent treat show retain neutr,positive
keep mind theme kidney health astrazeneca launch indian society nephrology educate create public awareness related health disorder,positive
move treatment line astrazeneca clinch adjuvant breast cancer lynparza,negative
mhra approves astrazenecas evusheld covid prevention,positive
teenage nurse get blood clot covid vaccine coronavirus new via day jakob wallenberg follow film played god ppl die blood clot jakob wallenberg need astrazeneca,negative
ask old please long symptom appear acknowledge associate,positive
azn astrazeneca option alert jan call ask learn get detail,positive
oxford covid jab gear final act save rest world mishap misinformation jab build global wall immunity say director oxford vaccine group detail scan code,negative
work partner like local community ghana brazil chile soon uganda restore protect world air conditioning system forest building community resilience,positive
join discussion lgbtq parent week wednesday march feature expert via,positive
give fund gnpx genprex lung cancer treatment trial right merck astrazeneca,negative
happens miss second jab astrazeneca government avail area,negative
alexion astrazenecas rare disease group neurimmune announce closing exclusive global collaboration license agreement,positive
quick realise differ enough equally unable new type vaccine get astrazeneca travel mile one recent literature seem odd mention vulnerable group,negative
held responsible every harm unmake say would fraud,negative
cancer giant astrazeneca clash new checkpoint inhibitor patent suit fiercepharma,negative
widower whose wife die blood clot astrazeneca jab demand government compensation,negative
girlfriend dad also horrifically die astrazeneca jab,negative
forget ignore begin pull back russia know everything power bring attention company lack support,negative
fda reject astrazeneca treatment chronic nasal condition azn,negative
leave freedom undemocratic corruption currently pay per day try block military aid save trash ashamed yeu,positive
astrazeneca monoclonal antibody drug authorize covid preventative immunocompromised evusheld first monoclonal antibody drug could administer like vaccine prevent covid unfair treat,positive
enzymatic latestage modification well late never coworkers,positive
sorry might sound harsh penny bring love one back deep state care,positive
astrazeneca adverse report cardiac vascular disorder report european medicine agency record serious,negative
family marketing executive die stroke cause astrazeneca jab say dismiss collateral damage fight payout,negative
astrazenecas evusheld covidprevention drug get approval bodes well hopefully others across world soon,positive
sorry thank point offend company ipg photonics old webster oxford usa mjeffers escherbakov,negative
think squash rebel stop use astrazeneca see see linkedin post patient plasmaserum amiv blog recall stpatrick black skin orkney island scot scotusa,negative
nomination still open maryland educator year award winner receive,positive
word something earworm instead song phrase word astrazeneca echolalia whatever also think funny,positive
hcm hutchmed receives milestone astrazeneca initiate startup activity global phase iii study orpathys lung cancer second delayed,negative
jab let transmission zahawi maybe want offer another pretty soon,negative
thread year since astrazeneca vax suffer horrific reaction week gov withdrew,negative
astrazeneca see high sale even covid boost wane reuters courtesy increase sale need help web page sale copy increase sale make money subscribe follow,positive
fool think astrazeneca indian invent vaccine,negative
join siva kumar padmanabhan manage director head global technology center india pvt keynote address gccs work sustainability postpandemic world present copresents,positive
full fat always best get good found demeter avoid dairy sinus bad astrazeneca coconut like,positive
need pay forbid get army support forbid death meaningless chance,negative
tragically lose life receive vaccine vibe calloption tweet others kill seriously injured,negative
astrazeneca provide cost forgotten already best mention goodness know hopedfor corbyn government would term support research,positive
therapy currently european review already authorise united state,positive
rip death tasmanian father col,negative
despite early excessive hype tang say remains effective useful vaccine still play big role vaccine cheap easy store overall efficacy still generally sufficient roll across many country,positive
early race astrazeneca chevy tight turn turn look good,positive
happy race day tune fox green flag lap mile stage start lineup astrazeneca reddick drop rear field start,positive
look awesome place work right heart london,positive
astrazeneca say monday antibodybased cocktail prevent treat covid retain neutralise activity,positive
round applause winner ecp impact award see antje accept award hear present work contribute receive award book free ticket,positive
astrazeneca launch global postdoctoral challenge,positive
hope others buy new antibody combination,positive
join panel include astrazeneca juan mobarec explains deep learn technique leveraged accelerate endtoend drug discovery pipeline register free,positive
fda disapprove astrazeneca death covid unvaccinated,positive
chugai receive astrazeneca clear ultomiris overhang patent settlement,positive
government lie safety astrazeneca vaccine everything else matter trust forever,positive
astrazeneca fasenra hit fda rejection fall behind gsk nucala nasal polyp,negative
astrazeneca plc say monday food drug administration fda reject asthma medicine fasenra,negative
nicola weideling suffer catastrophic bleeds brain hospitalise blood clot cause astrazeneca receive day die,negative
oxford covid jab gear final act save rest world mishap misinformation jab build global wall immunity say director oxford vaccine group exactly year ago prof sir andrew pollard start panic,negative
lesley astrazeneca batch hell coincidence batch administer across england wale jersey dad pass away dad receive batch batch,negative
bit change medication levothyroxine ndt bit since astrazeneca become constant sometimes even change key vertigo bad stand occasionally last week lie bed twice neurological problem,negative
covid family man die stroke cause astrazeneca jab say dismiss collateral damage,negative
really administer astrazeneca equivalent make india sister get nephew jabbed recently freak upset,negative
astrazeneca advancement fight omicron variant,negative
get second jab astrazeneca vaccine,positive
company still business part accor air product astrazeneca asus auchan please retweet spread word,positive
day prostate cancer summit want say thank platinum sponsor,negative
must read woman suffers neuro injury astrazeneca trial give free secret care nih hospital,positive
kim astrazeneca batch island jersey badly effect,negative
sleepy cuddle salmond run mate murrells oxford astrazeneca vaccine,negative
real world data scientist cambridge united kingdom,positive
glaxosmtihkline reward ceo walmsley pay bump million lone female ceo big pharma rank male counterpart eli lillys david rick astrazeneca pascal soriot make million gsk lly azn,positive
death tasmanian father collapse family holiday cause side effect astrazenec,negative
russian oligarch well connect westernize jew russia vaccine astrazeneca also version build back well look great antiwestern power take global homo whatever russia never,positive
astrazenecas antibody combination authorize use great britain prevent covid highrisk population people vaccination may differ effective read full article,positive
astrazeneca stupid vaccine bro fever,negative
subway bose astrazeneca still support russia business,positive
pain mark vax injury anniversary people save vaccine people also harm day,negative
knew cause clot brain thrombocytopenia hope make truly happy child wake every morning mum dad whilst sleep luxury bed luxury home,positive
astrazeneca indian society nephrology launch partnership collaboratively create public awareness care anil kukreja regulatory medical affair astrazeneca india say initiative,positive
friend dad die day take least man still around hope recovers,positive
johnson subway astrazeneca company still business russia good know,positive
get sick astrazeneca booster skksksksk,negative
coronavirus astrazeneca say monday antiviral drug show effective neutralize covid omicron variant include newer variant cause case rise europe asia,positive
another reminder strength difference bring read ashley neurodivergent colleague say,positive
please supply product russia support genocide ukrainiansthe whole europe danger god negate aggressor conflict side force genocide peaceful ukrainian,positive
sorry gareth deserve plaudit create vaccine improperly test injure kill many risk virus truly sorry loss,negative
excite progress scientific discovery register learn detail new postdoctoral challenge laun,positive
money important life ukrainian child continue sponsor putinhitler criminal regime reputation insignificant,negative
super waste like like astrazeneca lack blood clot report wsj break news march,positive
halla get vaccinate travel work show country vax card astrazeneca good internationally,positive
scientist cardiff university discover protein blood like bind part astrazeneca vaccine,positive
integration open new door well understand identify new treatment alexion continue pioneer space dedicate produce improve community,positive
high demand arises drug prevent covid vulnerable yet dos unused,negative
bit confuse see ship dos usa preventive lieu booster addition booster take test positive life span need next dose oral injection get hospital,positive
join sari maarit mackay chris sullivan melissa hamilton paul ives supply chain evolve forum sydney share invaluable knowledge experience,positive
still business russia seriously mess,negative
please help urgently need buy deliver medication produce weekend unfortunately weekend war people need asap time life would grateful way help,negative
industry news rare disease group chugai pharmaceutical unit put weapon,negative
grateful friend patron sponsor walk end bladder cancer support enables host walk raise critical fund help bladder cancer patient join,positive
honour speak yesterday share stage abdirahman mahamud dame sarah gilbert cofounder astrazenica vaccine,positive
stuck astrazeneca high level patient since last year look like never break even next year stock clearly downtrend though fundamental intact view suggestion please,positive
easy thing forsee even someone nonentity like,positive
first right thing astrazeneca shame campaign,negative
say monday antibodybased cocktail prevent treat covid retain neutralise activity omicron coronavirus variant include highly contagious subvariant independent lab study,positive
register upcoming conference science support cover basic science vaccine meeting explore opportunity life science future preparedness,positive
hear colleague expert summit discus future cancer need prioritise gcc improve care pelin incesu area vice president middle east africa astrazeneca peter raouf oncology business unit director gcc astrazeneca,positive
hoc wonderful yearold female constituent mother first shot astrazeneca horrendous lifelimiting condition seem close door month ask help disinherit give,negative
astrazeneca plc trade share average volume azn,positive
balance astrazeneca chevy okay struggle vibration left rear car crew chief justin alexander say plan fix issue,negative
reason astrazeneca jab never use usa hot lot use european athlete athlete die placebo use certain subset people like athlete entire global distribution rig,negative
talk trust moral obligation really deal,positive
way start weekend proud announce partnership use innovative transformative framework early diagnosis pulmonary disease leverage current screen procedure,positive
year post serious blood clot report astrazeneca nonexistence uncommon underreported case every month dose compound unfair clot injury shot worth effective need dos grow,positive
honeywell sponsor terrorist country urge stop financing russia brings evil destruction death world close factory stop business activity aggressor country business russia support terrorism,negative
death severe disease outcome severe disease cdc definition allows claim effectiveness case omicron get anything claim scientist ever say vax prevents death covid,negative
oxford covid jab gear final act save rest world mishap misinformation jab build global wall immunity say director oxford vaccine group,negative
end yusen logistics deliver dos astrazenecas covid vaccine across globe since astrazeneca covid vaccine approve use medicine healthcare product regulatory,positive
last resort collapse eastern europe dangerous creates chain wave like domino,negative
way start weekend proud announce partnership use innovative,positive
tell exact day realise ridiculously risky strategy incorruptness healt,negative
astrazeneca hand lifeline wonderdrug crush surge omicron mutation,negative
filipino woman determine engage altogether brilliant proud wellknown british business philippine lead strong visionary filipino woman,positive
abis dapet booster astrazeneca full ampul auto tumbang,positive
see explosion maternity hospital ukraine still want work russia,positive
tga release weekly weekly vaccine safety report yesterday vaccine updat,positive
leave freedom undemocratic corruption currently pay per,positive
yep day govt waha liberal medium wajah aayi hain isliye halla nahi kara unki rna base thi apni viral vector base hain oxford astrazeneca,positive
partner feature astrazeneca expert interview discus improve care people,positive
european nation halt astrazeneca jab report serious blood clot country follow denmark,negative
month ago today collapse home day astrazeneca differ lose left leg,negative
personally would advocate opening access astrazeneca janssen dos anyone want jab use stock give expire get waste,negative
azn mrk astrazeneca merck lynparza snag firstinclass fda nod early breast cancer,negative
girlfriend dad die astrazeneca jab,negative
lex warm meet expert great speaker gran expositor jueves thursday chile gmt,positive
sorry heartbreaking saw affect young men look closely paper sign ppl data promise medical help delete could make void glad research detox vaccine prays recovery,positive
shame company still operating russia koch industry astrazeneca johnson subway list business defy exit fortune,negative
case healthy woman longitudinally extensive transverse myelitis vaccination astrazeneca vac,positive
injured learn doctor forbid write exemption also advers,negative
okay also farxiga coupon discount rep tell american,positive
drug wnovel mechanism primary completion date today medi bcma inhibitor astrazeneca terminate nct sglt inhibitor youngene therapeutic nct,negative
cancer giant astrazeneca clash new checkpoint inhibitor patent suit,negative
fda clear astrazeneca merck drug treat genetic breast cancer early,positive
vaccination effective way combat covid pandemic retroactively finance cost,positive
people ever heard must differ deaf suffer hand something told,negative
good morning twitter world year ago today first astrazeneca vaczevrie covishield word,positive
woman die catastrophic bleed brain cause vaccineinduced thrombotic thrombocytopenia vitt,negative
today minister health ambassador japan malawi excellency satoshi iwakiri welcome,positive
covid vaccine late astrazeneca link transverse myelitis mhra warn,negative
suspends astrazeneca jab despite ema safe find world via,negative
race day vega fox astrazeneca,negative
bad company life never work company experience saudi arabia cost year life,negative
chute laddersmerck chief patient officer retire become heures activ launch august test novel covid therapy include reveal mixed hand highstakes,positive
whatever happen astrazeneca injection cheap safe effective,positive
think could come chat risk profile astrazeneca,negative
wild virus mrna vaccine astrazeneca viral vector vaccine,positive
spring booster jab mean many jab need actually work astrazeneca available must speak,positive
sue astrazeneca patent infringement guardant health responds illumina biospace,negative
suffer terribly since astrazeneca together reactivate past virus vertigo horrendous tinntitus autoimmune issue month line develop vaccine never fit purpose,negative
day good energy recover last awful vax attack last day day could function troll ridicule say age year since astrazeneca approx day apart,negative
astrazeneca covid vaccine cause tasmania man death coroner find,negative
truly work create world pull company russia,positive
director associate director epidemiology infectious disease closing cambridge united kingdom,positive
bristol myers squibb lawsuit make public friday say astrazeneca cancer treatment imfinzi violates patent related blockbuster cancer drug opdivo,negative
date mind year ago today astrazeneca vax long term steroid disease undiagnosed symptom thanks support,positive
offer second dose big happy dance ever heart problem others absolutely fine dandy get full mot regularly ace,positive
case healthy woman longitudinally extensive transverse myelitis vaccination astrazeneca vaccine,positive
far many year damage people many nowhere near recovery rebranded vaxzevria previously covid vaccine astrazeneca opening factory,negative
leg amputate astrazeneca horrific write vascular surgeon phone colleague world wide try get advice save leg date compensationfaces gruelling physio drug,negative
ovid find new focus epilepsy trim staff extend cash runway like,positive
marketing executive die stroke cause astrazeneca jab,negative
hcm new article hutchmed receives milestone astrazeneca initiate startup activity global phase iii study orpathys lung cancer get late hcm related news,negative
fda clear astrazeneca merck drug treat genetic breast cancer early uptodate medical headline visit,positive
webinar interested enhance cell line development less week webinar sign,positive
occasional fatal case take vaccine source remembers whole give professor sarah gilbert stand ovation invent oxford clot shot embarrass,negative
azn mrk fda clear astrazeneca merck drug treat genetic breast cancer early via,positive
great see astrazenecas evusheld prevention drug get approval many thanks everyone,positive
sinopharm johnson astrazeneca drug company want try vaccine,positive
occasional fatal case take vaccine source remembers whole,negative
come pit road caution top astrazeneca chevy fuel,positive
immunology hoax halfdose astrazeneca work well fulldose antivector immunity dos vaccine,positive
astrazeneca profit sure figure publish proof source make assumption otherwise,positive
yearold man day receive dose astrazeneca tetraparesis weakness limb spine mri spinal cord lesion myelitis,negative
shout united state register take part neurodiversity celebration week,positive
let justify believe protection astrazeneca outweigh risk involve see high risk grandmother literally get avoid passing anything onto know matter still regret life short regret imo,negative
think stop buying antibody exception astrazeneca immunocompromised people expensive need target government effort toward protect high risk keep thing open regardless number case,negative
obviously suffers tiny penis syndrome ergoes large table would odd take sputnik vaccine take astrazeneca afraid everything right especially bounty put head russian oligarch,negative
astrazeneca say antiviral drug show effective neutralize covid omicron variant include newer variant,positive
thestarkenya arrival consignment brings number vaccine dos receive million,positive
advance partnership develop nextgeneration pressurise metereddose inhaler pmdis global warm potential propellant part commitment,positive
astrazenecamerck lynparza win fda approval earlystage breast cancer azn mrk mygn,positive
plan coincidence vanegaurd blackrock company share major covid vaccine company pizifier astrazeneca morderna sputnik,positive
vaccine astrazeneca refuse jab happy make choice covid omicron antibody many vaccinate friend jab still catch virus tell,positive
consequence sixty due long long wait booster particular also explain fail respond public seek booster travel,negative
great news olaparib approve adjuvant treatment hernegative highrisk gbrca associate,positive
sponsor tucker carlson show boycott list,negative
fatheroftwo die blood clot cause astrazeneca jab via,negative
need talk gareth others transparency vital restore trust doctor institution lose,positive
astrazeneca adverse report anaphylactic reaction fatal deteriorate report anaphylactic shock,negative
forgot finnish vaccine apparently spike adenovirus like oxfordastrazeneca bharat bbv sputnik,positive
family marketing executive die stroke cause astrazeneca jab say dismiss collat,negative
fda approves lynparza adjuvantneoadjuvant therapy highrisk brca keep step ahead parp inhibitor rival,positive
people take cue russian mock foreign secretary people applaud denigrate astrazeneca vaccine roll take iran side debt obligation people,negative
think stay home wear mask even alone start get shot mix match phizer astrazeneca one differ careful,negative
mistake manufacturing process trial without important cohort confusion etc blame macron remember still unauthorized,negative
vicechair associate principal scientist honorary lecturer research mostly longitudinal cohort data provide evidence genetic environmental association various therapeutic area,positive
case show issue small number make conclusive enough study around astrazeneca vax,positive
astrazenecas covid drug evusheld neutralize omicron subvariant found independent lab study announce company washington university study found evusheld reduce viral load limited lung inflammation mouse report reuters,negative
many vaccine nasty side effect bad lie year get post astrazeneca,negative
dear name omari midgette year old want appove vaccine kid month march april may sanofi gsk novavax vaccine astrazeneca vaccine united state america,positive
gosh lesley merseyside astrazeneca batch huge batch sufferer log wal,negative
covid marketing executive die stroke cause astrazeneca jab another sad needle death,negative
hey member company russia disclaim represent socially responsible,positive
tell exact day realise ridiculously risky strategy incorruptness health july astrazenece senior exec told shareholder could risk could thanks much,negative
understand vaccine quietly ditch wait,positive
keep promise govt donation dos covishield,positive
press release also state vaccine effective prevent severe disease accord cdc unless death class severe disease headline leaf room misunderstand,negative
astrazeneca say antibodybased cocktail prevent treat covid show retain neutralise activity omicron coronavirus variant incl,positive
expensive dangerous definitely effective give blood clot much,positive
selfishness greed cost continued growth cambridge river life support price worth pay,positive
need get follow company stop business russia air product astrazeneca asus auchanretail ball corporation bnp paribas bose societe generale credit suisse decathlon emerson electric renault,positive
pls support see full article,positive
cool sham company astrazeneca provide life save medication still corrupt hell begin business,negative
thailand donate astrazeneca covid vaccine burma first batch reach yangon,positive
hcm hutchmed receives milestone astrazeneca initiate startup activity global phase iii study orpathys lung cancer,negative
always reach family fortunate let know good,negative
frankenstein science mad fool rush get vaccinate astrazeneca vaccine modify chimpanzee cold virus inject death come accept good grace dignity laugh like baby,negative
vaccine rely intact immune system develop target antibody infectionfighting cell evusheld contains labmade antibody design linger body month contain virus case infection,positive
astrazeneca say monday antiviral drug show effective neutralize covid omicron variant,positive
approves astrazeneca covid treatment cairn post,positive
enough wealthy country vaccinate world vaccinate sir executive vicepresident biopharmaceutical research development,positive
sumedha bose spearhead fascinate panel discussion future workforce workplace,positive
celebrate people category rather single particular group people subdivision unsubscribed beborn uni email never business fan divisiveness,positive
oxfordvaccine also effective reduce symptomatic socially vulnerable community,positive
shameful propaganda oxford covid jab gear final act save rest world vaccine immunisation guardian,negative
hutchmed receive milestone payment astrazeneca trigger initiation startup activity saffron first global phase iii study orpathys lung cancer,negative
surely government vdps team mhra astrazeneca vaccine producer start listen soon right thing ask victim,positive
woman die brain bleed get covid vaccine coroner coroner united kingdom determine woma,positive
say astrazeneca chevy pretty good portion stage team beborn make ton adjustment pit stop team service car tire fuel air pressure adjustment,positive
late job clinical study administrator internship program astrazeneca masovia poland warsaw find,negative
newly file complaint bristol myers squibb claimed astrazenecas pdl inhibitor imfinzi infringe least patent,negative
graph meant say responsibility prevent may inadvertently play role,positive
sanction supply chain russia sputnik covid vaccine create large opportunity,positive
put believe get side effect vaccine nerve damage leg anyone else,negative
ukrainian militia men age even woman fight peace ukraine gun molotov cocktail ukraine desperately need food medical supply financial aid hope support support ukraine facto bastion,positive
bristol myers sue astrazeneca pdl cancer drug patent bmy,negative
western europe slide poverty sympathize fella exploit loot rest world thanks astrazeneca vaccine,negative
dillon say astrazeneca extremely tight right crew chief justin alexander assures issue low air pressure green problem resolve shortly,negative
need get follow company stop business russia air product astrazeneca,negative
scientific evidence accumulate possible vaccine danger usual suspect scream science rush protect astrazeneca david gorski steve novella dorit reiss david grime,negative
cerebral sinus thrombosis related immune thrombotic thrombocytopenia astrazeneca,positive
covid vaccine shock side effect aware recent death report,negative
rider vaccinate ask say get shot astrazeneca plan booster shot also fully vaccinate feel safer thanks team everything,positive
vaccine rollout compare pathetic spectacle mention disgust political trash astrazeneca freedom fly supply ukraine week week week skirt round german airspace lift finger,negative
asymptomatic adverse event day median day lead author conflict interest grant astrazeneca also see last paragraph screenshot,positive
late job clinical quality compliance internship program astrazeneca poland warsaw masovia find,negative
sir mene highlight astrazenecas endure commitment arab world ongoing partnership investment across region,positive
invest year scientific skill money enable produce brilliant timely vaccine result effective partnership result vaccine extremely grateful sadly politics trash lose astrazeneca,positive
spending today barcelona enjoy engage discussion tribute jose baselga event cohosted follow key point,positive
really like job astrazeneca allah,positive
mrk merck astrazeneca azn receive fda approval lynparza adjuvant treatment patient gbrcam,positive
could mention fact oxfordastrazeneca vaccine sell cost sale may sell margin guess fact unfit bias,negative
know hurt face fact butthe astrazeneca reason clot lie seek reparation god bless,negative
policy described effectively ban people overseas might astrazeneca vaccine use list,positive
astrazeneca say antiviral drug show effective neutralize covid omicron variant,positive
death tasmanian father businessman ian william mcdonald reed collapse,negative
save date national high potassium awareness day may thanks support sponsor support year campaign,positive
risk rare side effect covid vaccine like astrazeneca greatly exaggerated far safer many medicine people take every day,positive
astrazeneca covid drug neutralizes omicron subvariants study click link detail good news change,positive
next virus could bad astrazeneca vaccine creator sarah gilbert say,negative
load weird pagan statue near astrazeneca building cambridge,negative
narrator voice astra zeneca supply vaccine cost quote prof sarah gilbert astrazeneca also hugely contribute shoulder much largescale manufacturing burden,negative
perhaps read link reed die rare recognise complication astrazeneca vaccine everyone know side effect serious one rare,negative
esgo engage astrazeneca launch ovarian cancer commitment medical news,negative
china national reimbursement program might cut pharma profit could still crucial market get,positive
stop sponsor war ukraine leave russian market,negative
kno astra safe trialed eight unusual blood clot report irish people get astrazeneca vaccine,positive
report playful adverse event remain trial briannes injury count eject trial,negative
vitamin shot fuss receive astrazeneca live adenovirus free move another job dislike rule current one freedom,positive
complete bollock mitch get fact straight comment future,positive
remarkable person partner elpa michelle marchione global oncology patient affair,positive
astrazeneca remember show bumms yone,positive
note receive astrazeneca vaccine second last day use canada really win reverse lottery,positive
course heshe chemist astrazeneca year make dose hand,positive
surge omicron variant crush astra zeneca,negative
hey great large study brilinta would much trouble actually tell result screencap main brilinta page nothing clickable anywhere around section summary hey study,negative
addition vivo live organism data generate use mouse infect omicron demonstrate evusheld significantly reduce viral burden limited inflammation lung subvariants,negative
covid vaccination pericarditis victim fight bureaucracy via jonutz apply ministry health medical exemption however decline basis could receive astrazeneca shot,negative
egypt largescale infrastructure project promise position regional leader pharma sector astrazenecas,positive
full sympathy bheekh china may synonymous even also give many thing aid around world indian well respect talent generosity hope know meaning word respect,positive
india receive yes ukcentric fantasy india produce deliver via well bilateral aid trade arrangement understandable democratic vision course,positive
fuel africa futurize launch healthcare innovation program partnership microsoft astrazeneca stud,positive
woman die rare brain bleed get covid vaccine coroner government say report case thromboembolic event blood clot death receive astrazeneca vaccine date,negative
say monday antibodybased prevent treat retain activity coronavirus include highly subvariant independent lab study read,positive
andy vermaut share astrazeneca antibody cocktail retains activity omicron subvariants thank,positive
lesley dad astrazeneca batch vaccination card give pass away joan batch pass away batch turn sinister,negative
business russia support terrorism honeywell management every penny tax pay aggressor government produce sell development russian market finance bombing occupation ukraine,negative
fda approve olaparib lynparza astrazeneca adjuvant treatment patient deleterious suspect deleterious,positive
preflight covid test mess let help wade book concierge service,negative
bristol myers squibb file lawsuit astrazeneca claim latter cancer drug imfinzi infringes several patent immunotherapy drug opdivo bristol myers squibb seek unspecified amount financial damage,negative
astrazeneca booster update felt nauseus whole day differ bother phnctuate spell rjght also upper thigh responsive epidermis wise feel like numbed little skin like come anaesthesia,positive
astrazeneca death report female popliteal vein thrombosis fibrin dimer increase dvt calf http,negative
please help urgently need buy deliver medication produce,positive
soo lucky definitely lottery girlfriend dad die jab know people dead brain bleeds stroke rash vertigo eye clot leg clot deafness nerve pain etc etc,positive
glaxosmtihkline reward ceo walmsley pay bump heures lone female ceo big pharma still rank well counterpart david rick pascal soriot,positive
seriously may ask first jab also astrazeneca contemplate booster curious get attention,positive
astrazeneca azn parp inhibitor lynparza olaparib approve fda early stage brcamutated hernegative breast cancer already treat chemotherapy either surgery,negative
terrify pray ukraine also fuck every corporation still business russia among propped putin continue happen,negative
except maybe astrazeneca vaccine list shit also create monkey shit dna monkey spent whole life around virus inject adeno,negative
astrazeneca like million othersbut conspiracy land vaccine apparently,negative
tbh astrazeneca also show sideeffects still far well mrna,positive
good medical news evusheld astrazeneca drug neutralises subvariants lab study,positive
honeywell urge stop financing russia brings evil destruction death world close factory stop business activity aggressor country business russia support terrorism,negative
request company stop business russia plane missile stop murderring woman child ukraine,negative
read literature know write misinformation make head look like take vaccine tell misinformation,negative
look mate nat leader whitehaven sound bit like deal make,positive
late job master data subject matter expert astrazeneca macclesfield england cheshire find,positive
drugmaker astrazeneca say antibodybased cocktail effective omicron coronavirus variant include highly contagious subvariant,positive
finish record last module stepp student education program prostate cancer learn experience great job onconxt team,negative
sum astrazeneca medical intervention perfectly,positive
hutchmed receives milestone astrazeneca initiate startup activity global phase iii study orpathys lung cancer,negative
case rise middle east asia latin america oxford vaccine could deployed region well,positive
another woman dead vaccine majority deaf unmake job censor,negative
last chance register online event today march talk astrazeneca,positive
astrazeneca batch certainly hell group batch unfortunately dad tommy batch short joan stuttard batch die january year,negative
