text,sentiment
tell brainwash covid propaganda believe jab injury death even though pfizers document disagree,negative
pfizer protection get third good enough actually quite good hospitalization death good infection first long wth shot never good prevent infection,negative
dear see say bye bye page adrs pfizer alone,positive
anybody look data seriously minute knew effective claim exaggerated yet,positive
pfizer data release report fatality month period report cdc aware,negative
pfizer many billion still need american people fourth dose goodness amendment bullying biden crony force american get vaccine,negative
break russia get big success campaign far,positive
throat tingly borderline hurt feel drain body ache ill damn pfizer shot booster exactly month later turn anything covidy,negative
volume leader bac buy inc xpev sell inc rig sell inc pfe buy nok buy inc mobil xom sell technology pltr technology uber,negative
pfizer push shot damn damn fda cdc run cover hiding side effe,negative
well eye read sisonke vaccine trial study well pfizer biontech provide ground mendate rather encourage oversight structure need enhance,positive
hail gate fauci pfizer fact checker,positive
dose pfizer jab booster month past dose available today mon pharmacy appointment need,negative
united state partnership proud announce shipment pfizer covid vaccine dos,positive
epic damage inflict society insider get paid arrest,negative
west never give india veto odd support india china pak stop supply raw material vaccine force india buy pfizer forbid roll help india fighter jet tech buy nuclear attack submarine,positive
cdc hiding data spread medical misinformation pfizer release page page covid vaccine serious,negative
ovarian risk accumulates ovary havepushing big pharma narrative read recently release con,negative
pfizer could lose liability protection sue death proven willful thomasrenz ignore,negative
pfizer say get another shot nobody want listen likely get shot fully lift vaccine mandate around country bible number completion nwo,positive
bribe payment pfizer fda bioweapon approval suppose know look,negative
dose pfizer jab booster month past dose available today mon studio leisure centre appointment need,negative
covid keepquiet much twtr past week region nation set covid terrorism aside pfi,negative
pfizer profit must drop might well add fifth sixth booster,positive
hey scar schiffless question may come million make personally held stock daughter trump lie bullying medium etc,negative
remember take vaccine company multiple felony record pfizer shut year ago bankroll many politician count,negative
worry poison people call vaccine first yep saw side effect tht,negative
quite satisfied polio smallpox mmr vaccine receive decade ago pfizer covid vax much plan booster,positive
big pharma profit skyrocket surprise pfizer ceo already dream fourt,positive
fry fda loses case pfizer force release vaccine data fda release thousand page doc related covid vaccine,negative
obviously see late document drop pfizer odd side effect,negative
pfizer could lose liability protection sue death proven willful thomas renz ignore much willful get send fda document say mortality rate huge huge percentage people adverse reaction,negative
mom afib booster refuse land emergency room,negative
read recent tranche pfizer document firstly sheer list adverse effect horrific secondly ever,negative
despise man whole pharma industry argument bother frankly start something new thing evolve every industry bother bit lack transparency side effect,negative
safe effective told guess lie source,positive
covidissue rightwing highly qualify scientist bravely spoke still left center robert kennedy democrat watch video last year first minute get drift,positive
edward dowd explains bombshell fraud charge pfizer hiding death data via,negative
thank prominent member medium see cover,positive
pfizer ceoexperimental vaccine alesman say need experimental vaccine mind,negative
yep get wrong sorry stand correct gross number page adverse event though consolation question still stand though pfizer less transparent employer consider risk vax,negative
hey sweetheart ignore money pfizer buy cnn ceo remains relevant finance lot business lose viewership,positive
break news pfizer ceo say fourth covid shot necessary chance hit revenue projection,negative
term pfizers international vaccine agreement vaccine purchaser must indemnify defend hold harmless pfizer,positive
vaccine safe full approval yet kid die recently usa pfizer find acceptable likely would lack die virus,positive
read last night age awesome result personally want hold sanofigsk booster approve like boost sequence,positive
nice work pfizer massively piss probably research raze face earth researcher disappear,negative
unfortunately take pfizer vaccine august dead set take husband insist refuse anymore end get covid antibody well vaccine,positive
really look pfizer data appendix page particularly illuminate several earlier table also interest,positive
idiot would ever dare get fourth shot reading hidden pizzer data new york post pfizer ceo say fourth covid shot necessary due wan immunity via,negative
perhaps vaxxed need worry encephalitis list pfizer side effect,negative
awesomecapital pfizer pledge donate russian profit,positive
know nothing ctv lie ceo pfizer admits study data proof need ctv prof,positive
vaccinate united state dead vaccine fake statistic true,negative
pfizer pledge donate russian profit humanitarian cause amid war ukraine,negative
lol block dislike trust pfizer report release day ago,positive
president allow pfizer use vulnerable population trial subject highly risky vac,negative
pfizer suggest need another booster already total point credibility important environment worry pfizer begin show true color,positive
break urgent international criminal investigation begin gate fauci tedros drosten blackrock pfize,negative
pfizer ceo say fourth covid vaccine dose necessary ontario think like relive hunger game via,positive
lethal effect mrna jab know many year differ use pfizer found make huge profit despite danger recipient death follow criminal charge responsible,positive
everyone look look quickly throw figure open even half true million people serious health problem vaccine,negative
robert malone pfizer document huge list adverse event interest,negative
pfizer say shot vaccination must improve bottomline,positive
vaccinate uae take dose vaccine sinopharm pfizer need india need take pcr test please let know,positive
disinherit take booster every year pfizer another large organization smart science versus sheep herd,positive
pfizer announce booster shot finally need booster formulate omicron variant covid flu covid novel virus body adapt fake news fake science need vaxxed immunocompromised get shot,negative
also struggle find msm reporting pfizer trial result release,negative
dumbass probably try short pfizer base conspiracy tweet financial wizard gawd,negative
know mad news fourth dose covid vaccine need pfizer ceo say,negative
maybe ghost vaxxed would still ball full show,negative
let guess denial well even though pfizers data vaccine bet know well,positive
here reminder page adverse reaction pfizer want keep secret year keep take poison part society nonsense,negative
read pfizer report likely die vaccine covid,negative
adverse effect adverse effect question question answer answer time full transparency,negative
page report include document feature appendix list adverse event special interest list,positive
good infection first long add word mine http,negative
hopefully fourth dose pfizer actually alter dna get bore,positive
ceo pfizer would curious get name twist arm convincing,positive
china assumption new omicron variant china europe progression pfizer say booster boom mrna pump winner take profit get beaten run,positive
nobody cause damage harm house peaceful protest friendly people want heard stop force toxic injection people kid unmask kid slave sale big pharma sell kid pfizer,negative
mayo journey figure vaccine injury start today share everything find week fill test appointment beyond bless,positive
pfizer release list vaccine side effect wow,positive
accord data publish day ago fda wrong,negative
supply medicine russia accomplice aggressor,negative
large protest march see year victoria pretty hard,positive
pfizer also say hope covid treatment available kid head back school fall,positive
lmao pfizer want take fourth shot,positive
case thought scumbag pharma sat pfizer try get paid cdc shill mandate another booster,negative
pfizer ceo veterinarian would distrust diagnose dog,negative
stu end suck pfizer report concludes vaccine successful people talk page side effect wrong page adverse reaction perfectly normal report bottom effect,negative
clear brain mean easily answer non jabbed enquiry data collate experiment shortlong term danger even pfizer force revealdo experience moment dread safe pusher shut ear scientific warning,negative
pfizer version ivermectin pill come soon everybody,positive
youth wish fauci would explain russia make impossible,positive
amen still radio silence pfizer trial data info yeah right war,negative
pfizer document public health medical professional transparency huge dump,negative
think pfizer data dump bad wait everyone find contract government sign,negative
ceo pfizer say week ago vaccine offer little protection current strain would someone assume risk take vaccine point,negative
pfizer announcement another booster necessary shock comma shock people forget othe,negative
week province set receive additional dos pfizerbiontech jab child age provincial health office thankful development enable continue vaccination program minor,positive
vaxed husband sickest get omicron within day use famotidine lot well would rather use ivm end prior famotidine otc pepcid pfizer knew ago,positive
back original point look pfizers adverse event reporting table adverse reaction local anaphylaxis heart inflammation,positive
company primary goal maximize profit conspiracy theory true,positive
really outrageous pfizer trial fraudulent swab could change entire outcome trial,negative
wish could get legit info new pfizer booster online without run antivaxxer dipshits yes pfizer entire medicalindustrial complex evil however provide free covid vaccine booster brain full ice cream,positive
pfizer ceo comment page side effect unavailable people force get,negative
obvious consider murder continue hospital pfizer push,negative
could easily answer question beborn heard since grade pfizer data read answer question,positive
odd see pfizer ceo say dose need see crazy alphabet crew need hustle,positive
heartbreaking youth experimental drug virtue signal support pol,negative
ceo push annual booster covid call refuse shot pill evil elite,positive
whistleblower brook jackson sue pfizer falsify mrna data submit obtain fda authorization covid vaccine pfizer wordt aangeklaagd,negative
child sound like nasty coldflu like bug part life unfortunately immune system strong vaccine risk far outweighs tiny benefit child check pfizer data,positive
effect year pfizer release documentation show page page damage side effect fatal already record death america alone,negative
sympathizer half measure fail donate profit behind donate russian revenue care,positive
public diagnose entire cnn staff personality talent pfizer ceo bourla infect rectal cranial inversion head keister parody jest see hustler magazinetm falwell section scotus,negative
pfizer want keep pummel immune system commonsense say shot much pfizer start,positive
git pfizer cause relapse never disorder calloption would rather dead pain,negative
autopsy natural cause apparently hey sound like expert,positive
pfizer could lose liability protection sue death proven willful lot number serious reactio,negative
due wan effectiveness particularly variant like omicron fourth covid vaccine shot need keep hospital morgue quiet pfizer ceo albert bourla say,positive
booster adverse reaction pfizers report,negative
well document safe total lie loss since fire great employee could suck,negative
urgent break news pfizer susceptibility fraud proven take fda cdc,negative
maybe would help credibility little bit ceo pfizer first person come news show talk fourth booster,positive
new reality covid vaccine dose dose dose pfizer die,positive
death male foreign day post dose pfizer circulatory collapse circulatory collapse physician,negative
also good time hide pfizer data undermines semblance reality covid vaxx safe,positive
stock pfizer etc big pharma want try brainwash kid white man bad start cancel education system enough race baiting hate narrative come nuremberg,negative
pfizer ceo say get jab china lockdown couple covid positive case obama claim get covid wwiii idle back covid,positive
good see pfizer trend someone tell happen tiffany dover last time saw take vaccine,positive
pharmaceutical giant pfizer donate profit russian subsidiary ukrainian relief effort,positive
see pfizer report obviously think vaccine work pfizers report show likely die vaccine covid,negative
meme last year get shot funny anymore sick twist criminal drug pusher actually move forward scam break stuff awake yet pull sleeve,negative
glad hear hope read pfizer data release time someone start reading real fact govt propaganda,positive
lot hoohaa quote pfizer ceo regard shot language bit vague let wait data,negative
thing msm skip week damn report pfizer confirm thousand serious adverse reaction death,negative
pfizer report enough immediately stop vaccine mandate truth really hurt much time right longer take end mandate bad employer take note expose,negative
fool explore avenue many hospitalise heart issue complete silence medium government really make question silence cover ups concern indeed especially late pfizer release,positive
yup get vaccine kill million time notice differ talk quit friendship told imagine thing sick blame vaccine side effect come say nothing knew right,negative
robert malone pfizer vaccine safety data ukraine medium distraction,positive
ghost vaccinate yet require thunderdome member show vaccination card,negative
remembers interrupt court reporting national demand everyone get vaccine never mention experimental trial vaccine quiet pfizer paper come horrify,negative
thomas renz quite literally egregious crime humanity since world war recent pfizer documen,negative
bad fear realize pfizer mrna transcribes dna,negative
first jab march year covid make sameness symptom second jab give headache pfizer booster december actually help symptom relief shortlived second covid infection jan,positive
lol next jab kill immune system read pfizer trail paper get back wait,negative
idiot would take dose outdated shot ceo say vaxs development counterintuitive people still ignorantly advocate pfizer literally admit product shitty,negative
catch excite lineup speaker annual conference see link info register,positive
uninformed refuse people die first month pfizer vax data hidden,negative
year old get degree heart block blood clot brain pfizer vaccine safe effective,positive
reuters dec new zealand link yearold man death pfizer covid vaccine,negative
explain everythingmildly scary people pfizer twitter netfli,negative
straight cdc pfizer vaccine absolutely emergency use sick pro vaxxers deny thisf,negative
pfizer must leave russia immediately animal obviate medicine,negative
exactly data pfizer know pharma lie risk vax high covidhow long,negative
bribe payment pfizer fda bioweapon approval repost stew,negative
expd palpitation shot aug twice heart issue wake race heart heart pound lay back since get booster past saturday work require strong heart beat away completely day,positive
literally obviate many shot ass switch story much stock plummet bidens speech endorse night pfizer backing money,positive
could say something like sorry lie wish,negative
immunisation advisory centre report serious adverse risk pfizer vaccine vast majority people apart anaphylaxis risk myocarditis pericarditis,negative
pfizer court order release finding vaccine come page know adverse side effect begin spread safe effective,positive
break lawsuit file joseph biden,negative
maybe try look like good guy create distance narrative someone read pfizer paper,positive
yea yea yea albert know knew vindicate release pfizer document,positive
think data show assure think,positive
republican party ask pfizer testify congress adverse event data release,negative
today announce several update company position russia response russian war ukraine,negative
talk seem misunderstood backing statement pfizer want take year release data falsely claimed lie,negative
hold minute tell selfdescribed progressive rino ignore,negative
miracle drug well monoclonal antibody use greatbut mabs work,positive
appear pfizer lawmaker cdc fda well aware adverse event risk covid shot immu,negative
pfizer vaccine document detail thousand adverse event,negative
big significance judge ruling pfizer proven covid vaccine poison,positive
child age get vaccinate pfizer vaccine teacher pupil vaccinate guarantee protection covid chilobwe school headteacher tasilile banda lead covid vaccination activity chief nzamanes chiefdom eastern province,positive
novavax approve place issue raw material would differ surprised pfizer omething novavax differ approve yet nvx trial participant delay insane booster week ago,negative
pfizer keep supply medicine russia donate profit drug sell ukrainian cause like idea sell product russia donate profit product ukraine fight russia circle life,positive
find wrong recent swedish study vaccine,negative
pfizer ceo say need money,negative
wise old man say refuse pfizer corrupt idiot,positive
pfizer could lose liability protection sue death proven willful,negative
robert malone say initial batch pfizer document show government well aware,positive
good morning pfizer announce well probably need vaxx people right say plan coin,positive
dose pfizer jab booster month past dose available today mon hospital main outpatient appointment need,negative
developed heart trouble soon needle arm vaccine fair pfizers vaccine beborn chance heart attack hall somewhere,positive
dose covid vaccine need pfizer ceo say illdefined fda authorize,negative
everyone appreciate witness ceo talk adopt mrna vac,positive
would crazy trust pfizer ceo make people understandably skeptical another shot,negative
pfizer ceo bundle together fourth booster along shove,negative
report adverse event death follow covid vaccination plus case myocarditis pericarditi,negative
even statement pfizer ceo worry,negative
read article link pfizer doc end dos administer month people use doc bad math come propagandistic result disseminate conspiracy want correct proper math agenda,negative
yes increase profit pfizer value stock option increase course need fourth,positive
company want conceal result vaccine trial shot safe effective would want hide pfizer ceo albert bourla interview margaret brennan dose requ via,negative
thanks manage find time hope right termits hyper link within article,positive
medium completely manage get away ignore page adverse effect pfizer vaccine,negative
misunderstood statistic pfizer report interest audit error,negative
whistleblower lawsuit allege fraud pfizers covid vaccine trial move forward district court,negative
pfizer vaccine side effect new document uncover shock adverse event,negative
notice fauci disappear time pfizer data dump court order,negative
pfizer ceo lady gentleman clearly money point,positive
pfizer doc show first month emergency authorisation record adverse event associate,negative
thank share ignore answer help pain still,negative
page document release describes many different adverse side effect associate pfizer vaccine read document title postmarketing experiencepdf,negative
anti vax normally ever ceo say need read read data pfizer force produce,negative
bribe payment pfizer fda bioweapon approval suppose know look way,negative
ceo pfizer mrna technology less experience year work mrna never deliver single product day vaccine medicine question convince way,positive
pfizer stock since court force fda show purposefully kill people remorse experimental shot idle world,negative
pfizer ceo call fourth booster shot hour later obama boost get covid coincidence,positive
really even pfizers data submit fda court order release show fda nih definition safe skew traditional clinical definition open mind see,positive
pfizer share price boom wall catch,positive
reuters mouthpiece pfizer unsurprising people involve pfizer,negative
coincidence vaccine passport pretty much everywhere worldwide drop around,positive
opioid addict asks tough one expert fault prescribe pfize,negative
good tweet sick pfizer ceo biotech ceo many employee end vaccinate drug,negative
receive pfizer vaccine talk niggaz need get fourth fight next wave man bye,negative
story vaccine trial story kill people adverse vaccine reaction different variation still release vaccine seem idle pfizer try seal year,negative
pfizer still provide medicine donates profit ukraine,positive
liase make sanitary towel donation ukraine refugee woman still front line war,negative
republican call full investigation lie pfizer nih cdc fda collins,negative
scare shitless recent pfizer data overwhelm ignore angle,negative
also counter intuitive share research data want publish,positive
pfizer ceo say covid shot necessary due wan immunity defective product society,negative
understand correctly charge fda pfizer fast track approval million,positive
difference pfizer want hide year drug publish pri,negative
ceo weird neck see year study body language wtf,negative
pfizer brand merch come soon,positive
single dose pfizer vaccine reduces risk covid infection child new research king found read study publish today,negative
fact check wild conspiracy theory link pfizer covid vaccine via kill know get stupid,negative
soooo cdc say unmask fine care continue wear mine pfizer say everyone need vaccine talk,negative
believe much take pfizer challenge report waitbecause true guess hiding pray sharpen dead heart attack differ nice living ignore drop dead without warn,negative
suffer spontaneous developed serious disease show,negative
also support jab program report get booster bali seem end badly heart pain jab prior leave issue seem still another adverse reaction celebrity pfizer death,negative
yes yes safeget jabbed get fully jabbeddo bit community,positive
pfizer patent mention graphene would like try something obviously madeup,positive
sure mouth piece pfizer look,positive
get pfizer shot booster covid entire time either,negative
time charm pfizer ceo say second booster shot necessary fight covid,positive
real fact pfizer document back government say vaccine safe,positive
pfizer recall blood pressure drug accuretic potential cancercausing impurity pfizer say recall canada,negative
trump steal classify document white house end arrest helsinki translator,negative
pfizer chairman ceo albert bourla join julie hyman yahoo finance discus company effort develop deliver covid vaccine record time salon marriott,positive
awful lot people insignificant health issue die natural cause sleep,negative
yep indignant press uncover false claim pfizer postmarketing data odd read properly,negative
pfizer look give fourth shot booster like many shot government try give covid still vaccinate,positive
people actually try argue pfizers data ignore far get must pret,negative
fda take huge payment pfizer surely illegal,positive
bribe payment pfizer fda bioweapon approval stew peter,negative
unbelievable dishonesty stage know pfizer kill short term myocarditis many esp men get fatal pericarditis pfizer coronary toxicity many long term adverse effect vaxxed yet never mention,negative
pfizer ceo say fourth covid shot necessary chance hit revenue projection quarter,negative
pfizer doc receive exactly attention dangle shiny new object war never ever,negative
pfizer ceo say booster shot necessary also mcdonalds say mcrib probably good idea holy crap people stop,negative
doctor want punch antivaxxers face dead covid booster shot bought pfizer nat,negative
pfizer work toward vaccine protects people variant virus cause covid,positive
triple question information deem credible come companycorporationgov body outlet pfizer executive member boardexecutive branch fkn kid pig lipstick,positive
day russia save muck junk west charge genocide speak,positive
pfizer maintain drug supply russia stop new clinical trial,negative
good late term abortion matter person choice medical decision bend every time pfizer tell get vaccine meagerly research report effective jab hear,positive
pfizer doc today vaxxed shock remember unfair pfizer knew government knew doctor knew,negative
inflation bad tom brady unretired pfizer ceo push shot,negative
pfizer release list vaccine side effect wow pfizer want wait till know vaccine,positive
pfizer vaccine data particular interest page welcome,positive
sunday chief executive officer pfizer say american prepared receive second booster shot coronavirus vaccine would mark fourth overall shot force american public,negative
release adverse event report want wait year release turn idle,negative
see pfizer data come miss one,negative
make stop vax wildly effective government woke biz force bribe encourage use,negative
page adverse side effect actually hell many lose job force,negative
pfizer side effect enough many please keep get,positive
trust pfizer ceo work drug company wonderful history honesty,positive
canada continue rant way normalcy problem abnormal know far normal refuse listen pfizer ceo,negative
next time local bring pager pfizer adverse reaction get explain every single,negative
obsess anc see pfizer data recently release blur energy stop anc journalist instruct act blind document,negative
little research hard even ceo pfizer admi,positive
good luck precious vaccine side effect page shit get live rest life guess get last laugh hey say try warn laugh behind back suckaz,positive
pfizer release document suddenly goto war,negative
pfizer apply fda fourth dose agreement data show immunity knew ill glad yes get dose ready ask doc,positive
revelation trial document pfizer want hide jones,negative
news pfizer say shot may necessary war ukraine continue conscript sent radio,negative
pfizer economical give information anyone write script convert mass pdffiles text file actually search retweet please researcher need script anyone,positive
westminster question pfizer covid clinical trial report approx page show adverse rea,negative
biden administration turn pandemic business ignore science sell country pfizer,negative
allergic bronchopulmonary mycosis list adverse reaction pfizer document,negative
uncertain file moron child abuse much want bet mother willfully ignorant pfizer data dump adverse reaction pfizer vaccine,negative
albert bourla ceo onstage excite hear journey marriott floor,positive
well pfizer need money people need yet another booster report covid death probably high state although cdc already say way less report get ready new lockdown globalist democrat,positive
true case covid vaccine pfizer previously sentence court intentionally withholding information vaccine,positive
admit massive conflict interest wgrz tegna pfizer obsessively pester whether hiding journalistic standard ethic need apply print rule book people shot,negative
pfizer donate russian profit ukrainian relief effort via,positive
feel see pfizer document release reveal hid adverse reaction include death sou,negative
releasedthis time japanese encephalitis kill australian found pig,negative
pfizer data release remember vaccine safe effective brought pfizer,positive
truth list employer obviate employee get vaccinate white house cdc fda,positive
want extend emergency power break statement pfizer data release seem right narrative absolute disgrace,negative
due pfizer vaccine weak worthless demand frozen coma actually get shit together great day please lack meltdown,negative
pfizer want kept wrap year safe effective vaccine page side effect htt,positive
tragedy govt sell soul pfizer cohort,negative
tonight wife force leave job nurse refuse get pfizer,negative
first place fanmade commercial break playlist daytona courtesy mar nestle davy paint disneypixar bayer pfizer link,positive
delayed reaction penciillin welland doctor remove penicillin get rash pfizer tlel back,negative
know remind husband real sick january february antibody test last month high number pfizer offer would unmake booster less thankfully doc believe immunity,negative
uncle die week second pfizer jab heart complication swept rug,positive
pfizer figure long ago fine merely indicator cost business fine serve embolden continue operate manner pay speak,negative
side effect list long practically everything anything wrong human body,negative
pfanatical devotion pfizer maybe covid forever use someone normal vaccine know work plenty time,positive
refer pfizer paper look side effect manit skin crawl every expert knew even though public still carry crazy huge court case come,negative
guy relax kid differ able buy cigarette soon unless worry side effect load pfizer injection get year old lol,positive
cancer friend young clear booster felt unwell week still understand pfizer release still jabbing,positive
pfizer ceo albert bourla recommend booster covid clear idle say reservation even use mrna seriously kind alternative universe guy living lose credibility,negative
beborn defend find hard believe waste time someone good team invest pharma,negative
devil liar refuse get shot next shot need beborn nobody science lab project anymore start believe make shit wear mask pray,negative
omicron less flu well job vaxx natural immunity catch sars cov still immunity,positive
good morning pfizer announce well probably need vaxx people right say plan coincide obamas announcement covid head feel like explode ill say encompass prayer fool,positive
see pfizer report look likely die vaccine covid proven pfizers study,negative
world say otherwise add pile country need also nothing scary pfizer document thing scary people like understand information present,positive
astound many ignore doc release people ignore pfizers extensive cri,negative
cover pfizer document release pharma whore tha,negative
booster death male foreign day post dose pfizer onset symptom hospitalize day post dose,negative
truth pfizer vac graphene cellphone tower,positive
straight fact consider pfizer push necessary booster jab end get spread covid regardless lol,positive
geez welcome party pfizer ceo admit shot squat ago,positive
good post pfizers result many death dematerialise,positive
differ fool sweater vest gentle feminine mannerism foreign accent become ceo pfizer accident vile efficient psychopath lot watch scumbag try slither prosecute warcrimes,negative
lol even npc npc get feel little silly stupid ashamed one good,negative
vaccine take time year pfizer stop two forth need fifth smh,negative
pfizer trial datasafety report analysis video presentation may help inform people please share save,positive
ceo russia profit russian subsidiary forward donate cause,positive
thanks birthday wish today make interim president demand msm label themsel,positive
data pfizer force release show mortality rate time covid death rate,negative
ceo project timeline program see need fourth booster assess fda pretty soon program develop new vaccine cover old variant omicron,positive
additionally short initiate new clinical trial russia stop recruiting new patient ongoing,negative
read pfizer document anyone read believe share learn read think backpedal wrong,positive
corrupt shade dance bourla pfizer shade,positive
pfizer become available australia get covid tweet aug would exemption month february would booster live lifestyle vic certain stmts day thailand,positive
screen shot pfizer safety study show people die within day vaccine people,negative
trial vaccine recipient likely experience pyrexia fever chill pain influ,negative
vaccination pfizer ceo lobbying shot sus,negative
pfizer report bully south american country grant indemnity case fraud part,negative
pfizer admits vaccine ineffective child common governor stop inject child,negative
wealthy country secure initial supply pfizer urge allocate course lowincome area,positive
divorce domestic violence double think part people divorce everyday since start shot trigger temper,negative
nursing baby die blood clot inflame artery follow mother pfizer shot second report case,negative
cumulative analysis postauthorization adverse event,negative
pfizer delist new york stock exchange sec security exchange commission filing document mean pfizer trouble touch stone connect,negative
sorry folk propaganda aside mrna differ proven safe past differ successfully deployed previously,negative
ceo pfizer say surprised mrna vaccine since little know time,positive
single dose pfizer vaccine reduces risk infection child new research found benefit pronounce variant compare,positive
soooo many must watch video follow release pfizer document jumped top list,positive
pfizer talk recommend fourth dose,positive
arjuna capitalproxy impact pfizer top racial gender pay scorecard equal pay day woman people color face punch pandemic,positive
show pro viral property prefer side effect pfizer jab,positive
people say evidence show bad vaccine see pfizer htt,negative
malone cdc withholding vaccine side effect data criminal peter mccullough fda pfizer dod hiding,negative
sorry simply nasty way say still believe bullshit moron dose covid vaccine need pfizer ceo say company work shot handle variant,negative
look like russian people dodge bullet,positive
bless ing good luck russian,positive
fda knew back nov trial data emergency approval vaccine old neve,negative
perhaps read pfizer document dangerous effective,negative
trust science say always answer well pfizer report prof distrust science compulsory mandatory must medium say nope report like convidvanished,positive
shot explanation pfizer shitton dos legal immunity expires boost,positive
review pfizer vaccine data morning totally nauseate unless totally wrong sca,negative
five six seven eight chip conspiracy nut antivaxxer enough enough,positive
okay firstly south african billionaire secondly reporting pfizer release side effect quickly jumped rubbish,positive
serious question sarcasm malice intend everyone think pfizer report page,positive
robert malone say initial batch pfizer document show government well aware vaccine,positive
pfizer ceo honestly come say look booster vaccine really shit really need meet quarterly revenue goal say read line still lmao big pharma damn joke,positive
best expose gross injustice criminality finger firmly,negative
much vaccine start feel awful lot like ploy money keep stock price rise study show get diminish return take booster point stop greedy pfizer,negative
say pfizer experimental drug bad,negative
thesis pfizer official data release court order page come many die rona put statistic many russian flee putin come well payed job,negative
help fend another wave covid people need fourth dose vaccine pfizer ceo albert bourla say,positive
pfizer donate russia profit instead pull here,positive
try link vaccine death silly area safe effective trust see page page adverse effect publish pfizer last week initially try hide year,positive
follow science mean listen people fucken idea talk reading,negative
pfizers ceo state shot nearly effective state essentially useless booster need nothing number people vaxxed,positive
administration site vasculitis list adverse reaction pfizer document,negative
pfizer data table state unique pregnancy expose vaccine,negative
ill change pfizer wait covid come back sell overprice medicine poor black people see pfizer subject although black people mention nonexistence make fun,positive
pfizer donate profit make russia support ukraine,positive
like comment recently release pfizer report,positive
pfizer ceo push dose say get protect ourself next wave,positive
finally truth trend twitter pfizer political surgical,positive
top secret pfizer document leak online,positive
guess experimental phase iii trial gene alter jab lead shane death take unconscious blue pill pop citizen wake pfizer want initial document hold year wakey wakey,negative
info day cricket serious adverse effect pfizer know april marked confi,negative
pfizer serious facial paralysis report age hospitalise still deteriorate http,negative
data court say want release year thing,negative
wow big surprise pfizer ceo say fourth booster shot necessary,positive
anyone else think ukraine russia war cover pfizer release side effect document cdc cover,negative
pfizer dos administer period trial additional page adverse event special interest found,positive
pfizer ceo say fourth booster shot necessary protect covid via,positive
article reference pfizer clinical safety data unborn baby poor prognosis,negative
sorry hear son developed symptom cold,negative
guy dumb rock would anybody want get vaccine pfizer acknowledge poisonous,negative
clinical trial document cartoon refer follow page trial document available since november already war week old,negative
pfizer provide kickback promise yet here loyalty card push vaccination,positive
mentally prepared round pfizer beborn stop,negative
pfizer also say hope covid treatment available kid head back school fall would version antiviral pill paxlovid,positive
say man profit every vaccine jab taxpayer dollar paid,positive
infinite wisdom call google simple find history pfizer,positive
pfizer really miss sweet government check,positive
stop capitalism pfizer french company stock impressive,negative
pfizer ceo albert bourla claim fourth covid injection necessary conflict interest astronomical,positive
friend get shingle jab shingle usually occurs due shock system,positive
pfizer dollar revenue double value previous year,positive
shock ceo pfizer think well need fourth dose covid vaccine,negative
covid adverse reaction jab ref pfizer clinical trial data,negative
calloption kid pfizer almost kill old bad wait see car,negative
covid lang pero naka pfizer kami day hardest fever spike pulse race chill flu get well day fever subsides day symptom resume normal activity tmr,positive
uptake italy word know bed pfizer publisher like reuters embarrass see keep write fake news type medium bullish nvax intention counterfeit honest,negative
yeah ill right another shot something idle spend time churn paxlovid instead push useless vaccine narrative,negative
document lot ask link particular interest start page,positive
dose pfizer jab booster month past dose also available today mon appointment need,negative
like right pfizer data learn vax divert attention obama infect next always distraction keep real truth sincerely hope learn become smarter,positive
take fda approximately month review page data grant approval vaxx fda need year release data everyone ask question,positive
pfizer ceo recommends fourth booster shot nothing see vaxed boost moon still get fine,positive
pfizer get lucky ukraine war medium shift focus covid ignore attempt hide databy wait unt,negative
pfizer could lose liability protection sue death proven willful thomas renz ignore,negative
list aesi cause pfizer mrna vaccine wong publish fact checked list actual side effect next post article pfizer perhaps want support work bank transfer paypal credit card,positive
end fourth covid shot like ever current research suggests marginally beneficial nope one chief,positive
doctor need update flu shot every year stay safe also tetanus need renew every year peo,positive
explosive pfizer doc beyond clear neither safe effective quickly,positive
vaxx popup today tomorrow meadowvale town centre circle mar anyone,negative
government held account assure pregnant mother vaccine safe pfizer knew put,positive
shameless listen cdc director rochelle walensky try spin bombshell pfizer document release,negative
baby month pfizer fatal foetal exposure pregnancy third trimester stroke utero cerebral throm,negative
people around get severe ill covid people die get severe ill pfizer jab die paralised arm others operate week jab clot vains brain,negative
usa fda pressure fizer submit page data include side effect state,negative
way hell government regulatory agency partially fun,negative
page certify adverse effect vaccine crime humanity use oblidge,positive
difficult please hang already please follow physician zelenko,negative
act part get cut pfizers booster easy money,positive
covid number need another vaccination absolutely paper regard pfizer vaccine release sweden vaccine dangerous,negative
humanly possible pfizer fraud trend twitter msm pick story happe,negative
attorney thomas renz responds pfizer admit shot kill people quite literally egregious,negative
vaccine misery really manifest million sick people side effect money ukraine army climate nonsense instead healthcare,negative
trust something earn drop lose bucket need wrong move pfizer ceo albert bourla,negative
weird never mention cancer entire feed combat give charity support lifestyle improvments personally affected rubbish gobby troll sure,positive
shane warne beborn juice fast vaccine pfizer,positive
crazy nobody talk pfizer data come week lol whatever though glad take,positive
astra zeneca make release document pfizer jan alot damage seem,negative
get boost dose little brave kiddo,positive
certainly year old son die sleep nothing ambulance could single pfizer sads,negative
pfizer ceo admits vax meh get fourth anyway lol,positive
single dose pfizer vaccine reduces risk covid infection child new research king,negative
anyone spot irony pfizer capable acknowledge recognise risk ssri even blame,negative
would want fourth vaccine first idle know vacc injury put public domain pfizer,positive
friendly reminder try mandate vaccine report adverse sideeffects,positive
situation update chernobyl underground tunnel russian soldier rescue child chain tunnel connect tunnel biden property parasite pfizer vax hatch egg people news thursday march,positive
hold minute tell selfdescribed progressive rino ignore fact mike never accepted responsibility anything wrong many million make others use mil tax dollar,negative
pfizer simpson predictive program best sort take ride intentionally spun part ritual,positive
please know someone vehemently refuse take shot ver,positive
read pfizer document sage stand trial claimed vax safe,positive
watson store administer booster shot yesterday free queue grabbed opportunity end bed happen thing spontaneously,positive
article pfizer document might help understand well,positive
definitely disincentive ceo pfizer say carry,positive
leak topsecret pfizer document show covid vaccine far dangerous world know,negative
ceo pfizer recommendsat least hire doctor recommend damn lol,positive
gewoon voor lol prikken met mrna data find pfizer vaccine less protective child omicron via,positive
potential gamechanger accept system say rachel cohen north american regional exe,negative
chill truth page pfizer side effect make public countless people stil,positive
like pfizer data like trudeau freeze bank account like genocyde uyghurs,positive
antibody elicit covid vaccination become steadily powerful least month vaccination accord,positive
dateline spring cdc pfizer announce booster shot covid necessary child age month differ require shot highly recommend,positive
sciencetm jim kellner pediatrician calgary professor authority dozen article publish ctv,positive
pfizer state profit dwindle unless get shot,positive
ivermectin trend coincidentally pfizer trend also thanks info war malone lot chinese tweet,negative
result reading pfizer want ppl take shot clown frenzy sir appreciate keep safe,positive
adverse event immunization list adverse reaction pfizer document,negative
washington post interview pfizer ceo state surprised government insistence vaccine,positive
page document release describes many different adverse side effect associate pfizer vaccine,negative
distrust reuters ceo belongs pfizer board director,positive
data set covid time vaccine introduce shot post vaccine moron blame long covid pelle need look pfizers report probably fraction reality info available bother,negative
pfizer trial data though part post authorization adverse event report basically version vaers anyone report event pfizers database,negative
pfizer covid jab may big medical scientific fraud ever commit,negative
know craziness cdc director admits get medical info pfizer vaccine cnn story htt,negative
agree vaccine mandate push paid propaganda agenda want see contract,positive
vaxed husband sickest get omicron within day use famotidine lot well would rathe,positive
already told everyone ill give social stuff require mean concert etc bewell friend try tell suffer long covid laugh knew real side effect,positive
covid keepquiet much twtr past week region nation set covid terrorism aside pfizer ceo announce death jab necessary couple hour prior obama announce covid see work lockstep tandem,negative
yea yea yea albert know knew vindicate release pfizer document http,positive
fda foia request make fda pfizer yes fda propose release document rate page per month standard use thousand foia request receive every year,negative
many conservative drunk kool aid boris ditch measure resurgent bojo back old self well,negative
fact believe others would falsify study say pfizer long term interest falsify data consider want create new drug future,negative
wait thai conspiracy pfizer paid police hear,negative
upd may humanitarian argument make pharmaceutical company continue sell least drug russian market pfizer chose announce follow policy,negative
student health service provide pfizer vaccine initial series booster age wsu wsu tech employee student innovation campus information,positive
get first also less see page side effect pfizer order release everything sun see enough know harm good plus idle anyway virus come wave regardless,negative
dear still insist vaccine pfizer even doctor data still page side effect mission indirect holocaust know meaning freedomrights totally sell soul devil,negative
list adverse reaction release pfizer,negative
safe effective want keep information people year,positive
vaxd maybe wrong start feel like pfizer try line pocket endless round vaccine inessential definitely question demand peer review data google paid large criminal fine ever,positive
pfizer told wonderful toxin shot vaxxed blood donor give blood blo,positive
pfizer shot really screw life ignore longer negate help doctor refuse,negative
pharmaceutical company pfizer suspend investment continue supply medicine,negative
help line pocket people need fourth vaccine pfizer ceo say,positive
independent research behavioural observation ceo medium unable answer follow day medium push seafood market theory pfizer lie stuff dig patent bury pile evidence,negative
ghost psyop aww boo hoo want stay late continue doomscroll ghost expose lie continue tell,negative
much data human trial several videosI notice interest decay produce material,positive
backpedal least kiddo source pfizer pfizer say claim stay stance prove incapable basic reading comprehension fun,positive
seem great nyc impend variant pfizer collect data submit support another boo,positive
hear found love life pfizer booster keep job heart break inside,positive
wonder many actually die covid jab programread pfizer report put headline full lie,negative
livid describe anger feel since reading pfizer doc effectively govts knew risk,positive
air embolism list adverse reaction pfizer document,negative
bot hard admit happen real people get exist symptom chest pain,positive
pfizer lie people die politician get rich,positive
reading comprehension suck believe lot correct thought read post market trial literally drug put market source pfizer still twitter rando,positive
pfizer ceo albert bourla claim fourth booster yearly mrna injection need despite lack safety effectiveness,negative
pfizer give fda data fourth shot plan allvariant vaccine ceo via,positive
thing want hear pfizer ceo give profit vaccine people rece,positive
course pfizer ceo say booster necessary found falsie replacementequal opportunity deceit guess lynn turn make,negative
yea uncritically think spew get msm politician data stand death double triple jabbed pfizer data dam evidence protect anything,negative
reassure pfizer try hide trial data year drdered cou,positive
real journalism cnn bbc news really billionaire corporates actual victim ill enough disbelieve unless cushy office sponsor pfizer massive company wow think clear sheeple,positive
highly recommend bmj piece doshi explores trial endpts couldcould tell pfizer pop tri,positive
differ fool sweater vest gentle feminine mannerism foreign accent become ceo pfi,positive
pfizer page set document weak leader trumpmerkel face putin course wef propaganda,negative
south africa risk destroy pfizer vaccine dos endmarch due slow uptake,negative
respond torrent inquires lawsuit handle fda yes fda produce,positive
yeah scale like point asperger couple full blown autism memory use near perfect mental health system ruin pfizer experiment others late searly,negative
bleedin obvious jay huge variable since early refuse randomise double blind control study put together sift page side effect release duress pfizer last week,negative
fantastic box anti inflammatory pfizer give weak one hat soon take pill felt head spin never ever trust company speak,negative
meanwhile general awareness otherrs another real life study vaccine efficacy vulnerable elderly finland,negative
see news coverage force release pfizer doc include page know adverse eff,negative
fail deliver effective vaccine pfizer continue soldier,negative
big pharma spoken pfizer ceo say vaxx baby come may watch govt ignore science capitulate,negative
agranulocytosis list adverse reaction pfizer document,negative
pfizer stock since court force fda show purposefully kill people remors,negative
please please vaccinate child urge look pfize,positive
chd say pfizer fda drop data bombshell covid vaccine consumer via interest read,positive
hell fauci look like jumped ship pfizer report dam well remove poi,negative
release pfizer vaccine adverse reaction data delayed msm may report,negative
welcome coverage crazy school policy tournament present pfizer kidz pfizer kind work,positive
government around world need distraction discuss fail unlawful covid measure like lockdown mask mandate vaccine mandate recently release pfizer clinical data page side effect war instigate nato,negative
remember say need idiot believe insist lol,negative
forbid war distract page vaccine side effect pfizer want hide decade,negative
march release massive amount damage month december february willfully withheld information public else ottawa lie repercussion infinite,negative
whole world warn pfizer kill,negative
yearold doctor developed rare blood disorder day shot pfizer covid vaccine die week,negative
team kyrie fuck vaccine shot pfizer adverse reaction day leg knee numb could ride past month walker day hospital,negative
pfizer continue supply drug russia profit ukraine stop supply medicine woul,positive
pfizer ceo say fourth booster shot necessary thehill another one kind tire shot,negative
please answer question lack farshould year old woman reasonably good health pfizer get fourth shot lot travel plan grandchildrens college grad,positive
united state partnership covid vaccine global access covax facility deliver large singleday shipment yet dos pfizerbiontech covid vaccine philippine read,positive
pfizer could lose liability protection sue death proven willful thomas renz ignore muc,negative
country stop dose time ago pfizer ceo forget immune system work,negative
would want fourth vaccine first idle know vacc injury put,positive
safe line multiple jab everyone else say safe deserves brought court,positive
conspiracy theory right alters dna,negative
pfizer protection get third good enough actually quite good hospitalization,positive
israeli surgeon challenge pediatrician break silence pfizer vaccine,positive
would like know percentage pfizer senior personnel take experimental vaccine,positive
pfizer donate profit make directly support people company say statement,positive
fuq medium share ceo pfizer tell like health expert unfair,positive
read bible note heal scripture trust,positive
see pfizer ceo bourla tour msm push booster poison good luck great,positive
pfizer document list covid side effect gain function covid patent show spike protein bioweapon physiological operation government show tyrant determination government website action show want control body,positive
know cheap would bribe coroner thailand make find like certainty guy pfizer word coroner,positive
see evidence allege exemption see plenty evidence people try start shit twitter,negative
well anything say yet pfizer document release last week clearly show danger thesis jab still push people wait official response wld good sld ashamed,positive
eat chip chicken pap chicken jnj pfizer hold responsible eventuality say pfizer pfizer say,positive
holy shit look redaction make pfizer document,negative
source pfizer pfizer say claim odd reading follow along bunch antivax woonatics claim say try reading blind follow,negative
show knew dangerous ahead anyway criminal pfizer,negative
wonder death certificate say die pfizer booster shot,negative
pay attention make announce public health policy,negative
remember ill week become apparent day pfizer mixed jab onoff,negative
side effect pfizer vaccine pfizer knew hide public,negative
adverse effect adverse effect big pharma know big pharma cover truth prosecute corr,negative
adverse effect adverse effect question question particularly since report outline,negative
live beltway follow end mandate good bring pfizer,positive
truth malone critical info cdc withheld pfizers publish side effect,positive
death male foreign day post unk dose pfizer vax site hypoaesthesia insomnia dyspnoea vaccination site hypoa,negative
protect acute radiation syndrome fallout russia nuclear attack grauci lgbt bourla recommends people receive pfizer new vladimirnazi prevention putinovid panacea,positive
possibly bad mistake china part disapprove effective pfizer vaccine apparently nationalistic reason,negative
craziest thing pfizer data release show adverse effect include,negative
invasion create lot problem everywhere good pfizer decide prolong delivery medicine save people life,positive
pfizer would say pretty analyze like say boost less month apart wile encourage month,positive
pfizer data vaccine rollout release last week want hide data year medium completely silent maybe need know,negative
top secret pfizer document leak online via,positive
anyone pfizer explain safest efficient way create covid vaccine use never,positive
adminisrtation site thrombosis list adverse reaction pfizer document,negative
possibly kind like patsy since pfizer use hammer fine criminal violation,negative
suspect pfizer others indemnified prosecution already know federal government extend courtesy medical profession law society silent,negative
get back work ghost bailing show,negative
truth finally reveal finally expose page set document release,positive
guess see pfizer report must proud never fall maga turn true okay must extremely proud voting bidenthanks gas dependency foreign oil,positive
lack sure pfizer know stick number,positive
get shot bcs first work bloody well,negative
new pfizer ceo say fourth booster shot necessary already reach limit,positive
sage whitty vallance van tam susan hopkins jenny harris vanished like amaze,positive
seasongs greeting christmas wish pfizer vaids vaccine,positive
even side effect per pfizer document still promotion killer,negative
pfizer pay application fee fda get vaccine approve,positive
damn document initial email sent contact tell info include authorization med prevent covid already knew let anything future monthly release much damn doc imho,negative
pfizer ceo albert bourla say spoke personally zelensky low vaccination rate send vaccine,negative
already know endgame yearly shot covid like flu shot pfizer rather force repeat booster public eye shy away idea yearly shot right would less profitable business,positive
uncertain deal might help great naturopath sta,positive
talk brick wall people want jab like heroin addiction need fix tell truth,positive
ivermectin ban prescribed reason may work sound people silence,negative
pfizer report say nothing negative safety,positive
alanine aminotransferase abnormal list adverse reaction pfizer document,negative
add study pfizer trial data show hospitalization placebo vax group marginal bullshit someone else,negative
know least person suffer much pulsatile tinnitus follow pfizer jab discontinue job love year retirement dream likely change utterly jab absolutely criminal,negative
pfizer whistleblower warns new data prof vaccine bioweapon,negative
hope time get justice crime humanity unfortuna,positive
sunday chief executive officer pfizer say american prepared receive second booster sho,positive
pfizer dose low approve yos uncertain different excellent safety profile something well nothing,positive
late report share impact people life explores health care,positive
holy hell anyone tell pfizer transfer department treasury,negative
call ploy increase pfizers revenue pure cash hit,positive
look pfizer criminal record make horrific reading,negative
covid could still mind pfizer ceohe say fourth booster require profit dry meanwhile death threaten severe side effect record pfizer first month trialsdeath appointment,negative
assume greed involve vax guidance extremely unhelpful,negative
say continue delivery medicine donate profit,positive
death teen female foreign day post dose pfizer dead myocarditis read autopsy determine,negative
pfizer contain live dead deactivate virus affect interact dna gene,negative
let talk vaccine side effect list adverse event release pfizer worthy sage,positive
shot report pfizer second boost bit sore arm slept hour middle day still feel little morning well previous,positive
pfizer delist new york stock exchange sec security exchange commission filing documen,positive
dna transcribed pfizer mrna vaccine contains mutant tumor gene,negative
pfizer recall blood pressure control drug twice week due nitrosamine carcinogenic imp,negative
trojan horse ukraine hiding pfizer big pharma release data,negative
mild cardiac issue thrombosis use lung heart brain limb issue potentially life threaten lymphoma patient remission die see pfizers list force world,positive
people die vaccine pfizer trial make deadlier covid pic release,negative
vaxxed boost pfizer never gotten covid neither anyone family living,positive
speak pfizer greed nothing anti vax stop,negative
appal conscience would firstly delete tweet amplify incorrect understand pfizer paper hard think come side debate first place,negative
apparently slow realize reading comprehension garbage faith told assumption garbage source claim make pfizer,positive
pfizer economical give information anyone write script convert mass pdffiles text file,positive
pfizer declares monthly covid shot rich keep travel ensure poor never get vaccine access coronavirus never end,positive
plot thickens encephalitis list adverse reaction pfizer document funny get case,positive
drug already widely available know get emergency use approval thought would still pfizer could ramp production,positive
spdr pharma xph mover today top xph gainer coll collegium pharmaceutical nuvb nuvation bio pfe pfizer top xph laggard nktr nektar ther ogn organon axsm axsome ther,positive
pfizer ican inform consent action network,positive
let hope stay healthy time many study show potential problem autoimmune cancer weaken immune system etc pfizer release page side effect,negative
fear normal world dangerous risk every action wear mask social distance dislike needle shot video put together informational,negative
mia want ask possible take pfizer booster dose get jnj vaccine,negative
fire frontline healthcare worker unwillingness take jab still thing ask pfizer ceo,negative
pfizer serious facial paralysis report age hospitalise still deteriorate,negative
sly show pittsburg keep mask mandate school kid barack obama test positive covid pfizer ceo fourth covid shot necessary trevor noah would differ happen trump bansshadowbans come back,positive
every woke person freedom ukraine also every woke person vaccine mandate alright different kind freedom medical freedom count,positive
really look forward onair deconstruction pfizer data drop,negative
pfizer ceo say get jab china lockdown couple covid positive case obama claim get covid,positive
booster death female foreign death reanimation less hour post dose pfizer yearold female,negative
take fda approximately month review page data grant approval vaxx,positive
search online information lawsuit sign,negative
pfizer ceo vaccine direct quote good infection first long,negative
yes big pharma put billion push drug sure recommendation purely organic want shot booster get care believe choice inform consent mike irresponsible false claim pfizer affiliate employer,positive
soon pfizer ceo ask subscribe service get shot every month per month dirty cheap,negative
pfizer also advertising oral treatment covid antiviral pill weird vaccine community many others rail treatment since,negative
chd say pfizer fda drop data bombshell covid vaccine consumer child health defense,positive
literally criminal pfizer ceo announces need fourth booster covid,negative
dear lord put another mask get booster catch cofluu still praise pfizer jabbbb,positive
vaxx injury denier force unfortunately pfizer data confirms know,negative
radio press ignore pfizer doc complicit unfold story,negative
south african government currently administer deadly pfizer vaccine sudden death symptom many,negative
wrong doc label cumulative analysis postauthorization adverse event report bntb receive feb review adverse report clinical use pfizer vax across multiple country data nothing trial,negative
medium scream like banshee page nine adverse reaction pfizer experimental,positive
dear pfizer ceo update vaccine,positive
likely die vaccine covid see pfizer report send link need vaccine incredibly dangerous,negative
release data week ago month worth trial number frighten,negative
pfizer guy provaccine boost get fourth shot anything would like see data support well rationale continue use original vaccine versus mutate virus,positive
ceo pfizer tell need ill run right get one thanks hard pas,negative
way health official msm ignore pfizer document wrong make feel might,negative
difference jab end read pamflet side effect pfizer force release data,negative
uncertain file moron child abuse much want bet mother,negative
much merk pfizer make last year windfall profit say,positive
react horribly pfizer jab really uncertain get another last take,negative
greed involve encourage everyone get vaccinate everyone see talk,negative
prediction global healthcare bad pharma never recover reputational disaster last year medicine,negative
oops well check pfizer doc release,positive
shot explanation pfizer shitton dos legal immunity expires booster uptake rate fell cliff less complicate,positive
peter conclusion report pfizer perform well uncertain everyone upset,negative
end covid year get dos pfizer job threaten fire month later,negative
refer pfizer report care whether repeat inaccurate information may want bit research report actually cover youtube link screenshot resource found useful,positive
holy shit pfizer trend page actively kill brain cell,negative
leave unvaccinated pfizer release page side effect think might right,negative
people actually understand interpret pfizer data trial data prof safe vaccine effective,positive
robert malone initial batch pfizer document show govt well aware vaccine,positive
participant pfizer trial study adverse effect die fda rule,negative
sure people give consent clearly obvious follow release pfizer document,positive
report outrage data pfizer fail court bid withhold,negative
unjabbed parliament member drop truth bomb pfizergov cover propaganda lie response,positive
pfizer ceo answer question adverse effect vaccine medium pretend page list never release,negative
alternative medium outlet reporting huge list side effect pfizer report thing play,positive
ofc work like vaccine yes even pfizer work folk like believe otherwise,positive
challenge across cda forego raise april donate money,positive
apparently also question call pfizer secure vaccine supply hold hose stay aust burning deal violence woman parliament house release emergency funding emergency,negative
current holding good company decent valuation lincoln pharma kellton tech manappuram good company low rsi igl cadila pfizer hdfc life,positive
counterfeit corona drug make foreign country early fake medicine character pfizer look orange seem price sell double,negative
david martin detail lawsuit joe bidenexposes pfizer business dealing video,negative
unfortunately majority may differ well enough far honest expert pfizer document predict sharp increase cancer vaccine send interview doctorscientist,negative
odd close commentate nfl combine kid become fast athletic hilariously blame soup burger king patty pfizer vaccine mcdonalds meal dance tiktok northern iowa,negative
malone talk bannon recent release pfizers adverse effect repo,negative
company primary goal maximize profit conspiracy theory true mean necessary saw opioid crisis pfizer purdue etc suppose forget vaxxed decline booster,positive
new pfizer document show paid fda application fee priority review comirnaty bla licensing nothing see join,positive
vaccine pfizer hop produce already existence call whole virion protects deltao,positive
see late pfizer doc release never happy chose get shot anyone else,negative
die jab ment save world covid read report pfizer release want hidden year stats black white day world wakeup body jabbed pile sky high,negative
wait publicly told supreme court restrict unvaccinated canadian commerci,positive
knockon effect everyone close contact isolate,negative
vaccine increase chance heart attack vaxed pfizer data,positive
read pfizer data yet scary stuff,negative
jewish nobel award pfizer ceo albert bourla,positive
day pfizer release page scientific information folk year repeatedly cry fol,negative
fda take bribe pfizer covid jab approval,positive
panic attack watch many conspiracy theory show problem pfizer problem,negative
angriest nurse world read pfizer document shockingly harmful document effect vaccine alternative news ttps beforeitsnewscomalternativeangriestnurseintheworldjustreadpfizerdocumentsoneffectsofvaccinehtml,negative
holy shit pfizer fda force release data federal judge list deadly adverse reaction,negative
ignorant unrealistic response another person symptom fall within release data pfizer stop judgemental likely position,negative
addison disease list adverse reaction pfizer document,negative
actually pfizer tweet twitter make claim see evidence support state still type word evidence typical,positive
pfizer ceo yacht mistress number necessary,positive
death female foreign day post unk dose pfizer arthralgia epigastric pain body malaise joint pain dizzine,negative
shot wife kid want current federal government right break family pay government incompetence,negative
give recent pfizer clinical file dump experimental vaccine approve safety profile year,positive
would like speak albertans data dump adverse event,negative
worth repeat pfizer trial recipient die,negative
push directive show gov pharma try cover side effect jab time history gov set snake oil tactic start reading pfizer study try gag reply intelligence,positive
people lose job career due vaccine mandate see horrific report adverse,negative
pfizer still deliver medicine profit get humanitarian help ukraine merck johnson johnson stay russia,positive
make sigh relief think covid pfizer rogue pharmaceutical company give kick ind,positive
great reset sure resembles great depression need stop otherwise million die cut,negative
order keep record profit pfizer ceo say anything,positive
pfizer maintain humanitarian supply medicine russian donate proceeds provide direct humanitarian support people ukraine,positive
paper retract everyone suspicious pfizer document bsed comment left campbell already spot know,negative
woke get heart pound chest month lay bed somebo,positive
stand like pfizer perfectly fine sue every vaccinate person,positive
release adverse event report want wait year release turn,negative
pfizer say give tax payer dollar help release another around pathogen fauci china help,positive
pfizers vaccine side effect list fauci since come mia,negative
inappropriate word could possibly convey unbelievably stupid dangerous decision give inj,negative
pfizer document come mean war ukraine,negative
mass murderer executive board member insider take,negative
wrong wrong wrong would suggest read page adverse effect pfizer release,negative
heard bout pfizer work hiv cure something state year bookmark trade update everyone get clear update,positive
first dos fail block slow wave obviate fourth dose nee,negative
pfizer short start new clinical trial russia plan donate profit subsidiary country,positive
stop press record get covid shot becomes available variant still become yearly shot like flu shot,negative
vaccine idle man push profit,positive
read article show pfizer attempt block anything article please post,negative
pfizer release new data side effect medium reporting here screenshot side,negative
safe effective pfizer beborn release data mind hold politician acc,positive
great business every month say another shot need crazy people keep take,positive
pray well person devil overpower,positive
health move covid vaccination van back buck week stop offer pfizer jab anyone age appointment need info,negative
pfizer ceo bourla talk microchip medication sound normal right conspiracy,negative
guess miss part pfizer paid large criminal fine history back trust good guy,positive
hope pfizer get red card serious foul play,positive
old day unfair trust pfizer ceo fda make company run randomize trial show reduction,negative
obama get covid right pfizer ceo urge people get vaxxed suspicious,negative
canada continue rant way normalcy problem abnormal know,negative
false read pfizer doc lot death trial come vaccinate boost bother read,negative
remember say vaccine modify people dna make lunatic conspiracy theorist guess,negative
pfizer fda twice court delay release important data judge reject case,negative
kebiasannya ada possibility juga high viral load antibody immunesuppressed hiv orng tua dan fctor bad bad vaccine failure nrmally occur tak follow protocol vccine pfizer sensitive temperture atau low dose etc,negative
pfizer say donate profit russian operation help ukrainian report via,positive
underreported pfizer document release detail thousand adverse reaction permanent injury death get,negative
big game played buuuut run get jabbed talm bout pfizer princess,positive
long ago last year pretty much horrible especially someone global fact check extremely bias article first never accepted fact check role covid jim smith sit pfizer reuters board,negative
careful post pfizer document release influencers medium promote could prosecute push experimental medicine,positive
untold shock story pfizers yearold clinical trial adolescent rando,negative
say obviate analysis pfizer must pay alpt bot,negative
provaccine understand everyone comment suck pfizer like medicine second come christ helpful effective alright buddy much pay say,positive
pfizer share drop hopefully company bust contract become void may help vermctin case,positive
end first one trust call vaccine pfizer differ held accountable anything may happen road,positive
coincidence fda release page courtordered pfizer document barely report thanks,positive
make error post ivermectin say may work bloody work idle pfizer drug peddle government though payoff,negative
part disagree practice understand take pharmaceutical drug sick howev,negative
pfizer admit ivermectin use covid therapy,positive
ceo pfizer terrorist prison right,negative
pfizer adverse report age group less month,negative
late official govt data report event post administration astra zeneca pfizer well,positive
dose pfizer jab booster month past dose also available today mon cedar park appointment need,negative
pfizer ceo encourage people get jab many jab people take order consider,positive
poison war announce side effect symptom,negative
shot change able get flu shot year different variant immunocompromised shot good idea lack scary thing need vaccine kind year see pfizer push cash grab,negative
pfizer report enough immediately stop vaccine mandate truth really hurt much,negative
vaccine misery really manifest million sick people side effect money ukr,negative
cdc fda work concert pfizer suppress truth cover big fraud history,negative
urgent news malone pfizer ccp probably highly criminalize organization world,positive
undermine vax guidance suggest greed involve,negative
safe effective pfizer beborn release data mind hold politician,positive
nationalize vaccine manufacturing would lack care pfizer ceo think say say,negative
get first pfizer vaccine end slight heart inflammation nuerological issue post viral pot month later think ill pas,positive
want vaccinate lack see adverse effect pfizer vaccine please stop change virtue signal ukraine,positive
crowdfunded project team attorney capable solely pursue lawsuit bring,positive
pfizer ceo say second booster need vaccine young kid could ready may,positive
side effect vaccine pfizer knew hid american people,negative
use guidance booster either day day well pfizer booster,positive
exactly data pfizer know pharma lie risk vax high covidhow long ignore data real journalist would actually ask question would good,negative
president allow pfizer use vulnerable population trial subject highly risky vaccine know often fatal side effect page set document release fda knew risk,negative
people like legitimize people like putin horrific thing toxic cancerous system oms fda cdc fcc onu imf wallstreet big pharma need reset putin iran rest world,negative
give infernally stupid mask idea ill even though symptom,negative
say pfizer document people lack clue actually mean prove safe vaccine,positive
medium perfectly happy report uncorroborated halftruths untruth ukraine refuse even state,positive
releasedthis time japanese encephalitis kill australian found pig pig farmer get first virus transmit mosquito also pfizers list adverse reaction encephalitis,negative
quarta dose ano new world record,positive
health official walk job like forget fuck pay,negative
specific symptom clear drawn conclusion,positive
nurse teacher doctor politician cheif medical officer told people pfizer vax safe,positive
another vaccine booster may need next wave pfizer protection get dose quite good hospitalization death first long face omicron dose necessary right,negative
first harm change first hide data judge force fda pfizer release data,negative
andrew bryant collaborator paid pfizer bias much,positive
happens employer mandate health safety pfizer data release show vaccine dangerous virus push unsafe work condition employee back risk vaccine,negative
war crime crime humanity lab hiding evil,negative
remember article pfizer ceo say shot need lol,positive
adverse event fda release shock pfizer data public euro weekly news,negative
surprise surprisepfizer say need dos vaccine,positive
many variant come omicron first able evade skillful way immune protecti,positive
see pfizer report need likely die vaccine covid thier number long list possible side effect ever see,negative
side effect special interest court order document,positive
fend omicron kick vaccine thing pfizer want fend loss profit,negative
happen lack bother russia nato,negative
adverse effect adverse effect always look fine print body risk choice,negative
edward dowd explains bombshell fraud charge pfizer hiding death data,negative
provide commentary pfizer trial documentation release finding extremely worry best,positive
pfizerbiontech covid shot moderately effective omicron kid age pfe,positive
doctor need update flu shot every year stay safe also tetanus need renew every year people cool cool make sense doctor fourth dose pfizer need new variant keep happen people steal money,negative
